snr_db,curve_a,curve_b,blocks,n00,n01,n10,n11,source_runs
-18.0,B-SSB,BC-SSB,500,420,6,2,72,run-004/threshold
-18.0,B-SSB,CDD-SSB,500,425,1,10,64,run-004/threshold
-18.0,B-SSB,P2-SSB,500,421,5,2,72,run-004/threshold
-18.0,B-SSB,P6-SSB,500,422,4,2,72,run-004/threshold
-18.0,BC-SSB,CDD-SSB,500,422,0,13,65,run-004/threshold
-18.0,P2-SSB,BC-SSB,500,416,7,6,71,run-004/threshold
-18.0,P2-SSB,CDD-SSB,500,421,2,14,63,run-004/threshold
-18.0,P2-SSB,P6-SSB,500,423,0,1,76,run-004/threshold
-18.0,P6-SSB,BC-SSB,500,417,7,5,71,run-004/threshold
-18.0,P6-SSB,CDD-SSB,500,422,2,13,63,run-004/threshold
-17.0,B-SSB,BC-SSB,500,430,2,6,62,run-004/threshold
-17.0,B-SSB,CDD-SSB,500,432,0,19,49,run-004/threshold
-17.0,B-SSB,P2-SSB,500,425,7,6,62,run-004/threshold
-17.0,B-SSB,P6-SSB,500,424,8,6,62,run-004/threshold
-17.0,BC-SSB,CDD-SSB,500,436,0,15,49,run-004/threshold
-17.0,P2-SSB,BC-SSB,500,426,5,10,59,run-004/threshold
-17.0,P2-SSB,CDD-SSB,500,428,3,23,46,run-004/threshold
-17.0,P2-SSB,P6-SSB,500,429,2,1,68,run-004/threshold
-17.0,P6-SSB,BC-SSB,500,426,4,10,60,run-004/threshold
-17.0,P6-SSB,CDD-SSB,500,428,2,23,47,run-004/threshold
-16.0,B-SSB,BC-SSB,500,440,6,7,47,run-004/threshold
-16.0,B-SSB,CDD-SSB,500,445,1,12,42,run-004/threshold
-16.0,B-SSB,P2-SSB,500,438,8,6,48,run-004/threshold
-16.0,B-SSB,P6-SSB,500,437,9,6,48,run-004/threshold
-16.0,BC-SSB,CDD-SSB,500,446,1,11,42,run-004/threshold
-16.0,P2-SSB,BC-SSB,500,437,7,10,46,run-004/threshold
-16.0,P2-SSB,CDD-SSB,500,442,2,15,41,run-004/threshold
-16.0,P2-SSB,P6-SSB,500,442,2,1,55,run-004/threshold
-16.0,P6-SSB,BC-SSB,500,435,8,12,45,run-004/threshold
-16.0,P6-SSB,CDD-SSB,500,441,2,16,41,run-004/threshold
-15.0,B-SSB,BC-SSB,500,454,2,5,39,run-004/threshold
-15.0,B-SSB,CDD-SSB,500,455,1,8,36,run-004/threshold
-15.0,B-SSB,P2-SSB,500,453,3,5,39,run-004/threshold
-15.0,B-SSB,P6-SSB,500,453,3,5,39,run-004/threshold
-15.0,BC-SSB,CDD-SSB,500,458,1,5,36,run-004/threshold
-15.0,P2-SSB,BC-SSB,500,455,3,4,38,run-004/threshold
-15.0,P2-SSB,CDD-SSB,500,456,2,7,35,run-004/threshold
-15.0,P2-SSB,P6-SSB,500,457,1,1,41,run-004/threshold
-15.0,P6-SSB,BC-SSB,500,454,4,5,37,run-004/threshold
-15.0,P6-SSB,CDD-SSB,500,456,2,7,35,run-004/threshold
-14.0,B-SSB,BC-SSB,1500,1389,4,5,102,run-002/wide_2+run-004/core
-14.0,B-SSB,CDD-SSB,1500,1391,2,10,97,run-002/wide_2+run-004/core
-14.0,B-SSB,P2-SSB,1500,1386,7,3,104,run-002/wide_2+run-004/core
-14.0,B-SSB,P6-SSB,1500,1387,6,3,104,run-002/wide_2+run-004/core
-14.0,BC-SSB,CDD-SSB,1500,1393,1,8,98,run-002/wide_2+run-004/core
-14.0,P2-SSB,BC-SSB,1500,1386,3,8,103,run-002/wide_2+run-004/core
-14.0,P2-SSB,CDD-SSB,1500,1387,2,14,97,run-002/wide_2+run-004/core
-14.0,P2-SSB,P6-SSB,1500,1389,0,1,110,run-002/wide_2+run-004/core
-14.0,P6-SSB,BC-SSB,1500,1387,3,7,103,run-002/wide_2+run-004/core
-14.0,P6-SSB,CDD-SSB,1500,1388,2,13,97,run-002/wide_2+run-004/core
-13.0,B-SSB,BC-SSB,1500,1398,7,6,89,run-002/wide_2+run-004/core
-13.0,B-SSB,CDD-SSB,1500,1403,2,15,80,run-002/wide_2+run-004/core
-13.0,B-SSB,P2-SSB,1500,1401,4,4,91,run-002/wide_2+run-004/core
-13.0,B-SSB,P6-SSB,1500,1401,4,4,91,run-002/wide_2+run-004/core
-13.0,BC-SSB,CDD-SSB,1500,1403,1,15,81,run-002/wide_2+run-004/core
-13.0,P2-SSB,BC-SSB,1500,1399,6,5,90,run-002/wide_2+run-004/core
-13.0,P2-SSB,CDD-SSB,1500,1403,2,15,80,run-002/wide_2+run-004/core
-13.0,P2-SSB,P6-SSB,1500,1405,0,0,95,run-002/wide_2+run-004/core
-13.0,P6-SSB,BC-SSB,1500,1399,6,5,90,run-002/wide_2+run-004/core
-13.0,P6-SSB,CDD-SSB,1500,1403,2,15,80,run-002/wide_2+run-004/core
-12.0,B-SSB,BC-SSB,1500,1413,2,6,79,run-002/wide_2+run-004/core
-12.0,B-SSB,CDD-SSB,1500,1415,0,25,60,run-002/wide_2+run-004/core
-12.0,B-SSB,P2-SSB,1500,1410,5,7,78,run-002/wide_2+run-004/core
-12.0,B-SSB,P6-SSB,1500,1410,5,6,79,run-002/wide_2+run-004/core
-12.0,BC-SSB,CDD-SSB,1500,1419,0,21,60,run-002/wide_2+run-004/core
-12.0,P2-SSB,BC-SSB,1500,1412,5,7,76,run-002/wide_2+run-004/core
-12.0,P2-SSB,CDD-SSB,1500,1416,1,24,59,run-002/wide_2+run-004/core
-12.0,P2-SSB,P6-SSB,1500,1416,1,0,83,run-002/wide_2+run-004/core
-12.0,P6-SSB,BC-SSB,1500,1412,4,7,77,run-002/wide_2+run-004/core
-12.0,P6-SSB,CDD-SSB,1500,1416,0,24,60,run-002/wide_2+run-004/core
-11.0,B-SSB,BC-SSB,1500,1417,2,9,72,run-001/estimated+run-004/core
-11.0,B-SSB,CDD-SSB,1500,1418,1,18,63,run-001/estimated+run-004/core
-11.0,B-SSB,P2-SSB,1500,1416,3,7,74,run-001/estimated+run-004/core
-11.0,B-SSB,P6-SSB,1500,1416,3,7,74,run-001/estimated+run-004/core
-11.0,BC-SSB,CDD-SSB,1500,1425,1,11,63,run-001/estimated+run-004/core
-11.0,P2-SSB,BC-SSB,1500,1417,6,9,68,run-001/estimated+run-004/core
-11.0,P2-SSB,CDD-SSB,1500,1418,5,18,59,run-001/estimated+run-004/core
-11.0,P2-SSB,P6-SSB,1500,1423,0,0,77,run-001/estimated+run-004/core
-11.0,P6-SSB,BC-SSB,1500,1417,6,9,68,run-001/estimated+run-004/core
-11.0,P6-SSB,CDD-SSB,1500,1418,5,18,59,run-001/estimated+run-004/core
-10.5,B-SSB,BC-SSB,500,467,3,2,28,run-001/estimated
-10.5,B-SSB,CDD-SSB,500,470,0,7,23,run-001/estimated
-10.5,B-SSB,P2-SSB,500,469,1,1,29,run-001/estimated
-10.5,B-SSB,P6-SSB,500,470,0,1,29,run-001/estimated
-10.5,BC-SSB,CDD-SSB,500,469,0,8,23,run-001/estimated
-10.5,P2-SSB,BC-SSB,500,466,4,3,27,run-001/estimated
-10.5,P2-SSB,CDD-SSB,500,469,1,8,22,run-001/estimated
-10.5,P2-SSB,P6-SSB,500,470,0,1,29,run-001/estimated
-10.5,P6-SSB,BC-SSB,500,467,4,2,27,run-001/estimated
-10.5,P6-SSB,CDD-SSB,500,470,1,7,22,run-001/estimated
-10.0,B-SSB,BC-SSB,1500,1428,8,8,56,run-001/estimated+run-004/core
-10.0,B-SSB,CDD-SSB,1500,1436,0,18,46,run-001/estimated+run-004/core
-10.0,B-SSB,P2-SSB,1500,1431,5,4,60,run-001/estimated+run-004/core
-10.0,B-SSB,P6-SSB,1500,1431,5,4,60,run-001/estimated+run-004/core
-10.0,BC-SSB,CDD-SSB,1500,1436,0,18,46,run-001/estimated+run-004/core
-10.0,P2-SSB,BC-SSB,1500,1427,8,9,56,run-001/estimated+run-004/core
-10.0,P2-SSB,CDD-SSB,1500,1434,1,20,45,run-001/estimated+run-004/core
-10.0,P2-SSB,P6-SSB,1500,1435,0,0,65,run-001/estimated+run-004/core
-10.0,P6-SSB,BC-SSB,1500,1427,8,9,56,run-001/estimated+run-004/core
-10.0,P6-SSB,CDD-SSB,1500,1434,1,20,45,run-001/estimated+run-004/core
-9.5,B-SSB,BC-SSB,500,475,1,3,21,run-001/estimated
-9.5,B-SSB,CDD-SSB,500,475,1,7,17,run-001/estimated
-9.5,B-SSB,P2-SSB,500,475,1,1,23,run-001/estimated
-9.5,B-SSB,P6-SSB,500,474,2,1,23,run-001/estimated
-9.5,BC-SSB,CDD-SSB,500,478,0,4,18,run-001/estimated
-9.5,P2-SSB,BC-SSB,500,475,1,3,21,run-001/estimated
-9.5,P2-SSB,CDD-SSB,500,475,1,7,17,run-001/estimated
-9.5,P2-SSB,P6-SSB,500,475,1,0,24,run-001/estimated
-9.5,P6-SSB,BC-SSB,500,474,1,4,21,run-001/estimated
-9.5,P6-SSB,CDD-SSB,500,474,1,8,17,run-001/estimated
-9.0,B-SSB,BC-SSB,500,477,2,4,17,run-001/estimated
-9.0,B-SSB,CDD-SSB,500,479,0,7,14,run-001/estimated
-9.0,B-SSB,P2-SSB,500,476,3,2,19,run-001/estimated
-9.0,B-SSB,P6-SSB,500,476,3,2,19,run-001/estimated
-9.0,BC-SSB,CDD-SSB,500,480,1,6,13,run-001/estimated
-9.0,P2-SSB,BC-SSB,500,477,1,4,18,run-001/estimated
-9.0,P2-SSB,CDD-SSB,500,477,1,9,13,run-001/estimated
-9.0,P2-SSB,P6-SSB,500,478,0,0,22,run-001/estimated
-9.0,P6-SSB,BC-SSB,500,477,1,4,18,run-001/estimated
-9.0,P6-SSB,CDD-SSB,500,477,1,9,13,run-001/estimated
-8.5,B-SSB,BC-SSB,500,484,0,2,14,run-001/estimated
-8.5,B-SSB,CDD-SSB,500,484,0,3,13,run-001/estimated
-8.5,B-SSB,P2-SSB,500,479,5,0,16,run-001/estimated
-8.5,B-SSB,P6-SSB,500,480,4,0,16,run-001/estimated
-8.5,BC-SSB,CDD-SSB,500,486,0,1,13,run-001/estimated
-8.5,P2-SSB,BC-SSB,500,479,0,7,14,run-001/estimated
-8.5,P2-SSB,CDD-SSB,500,479,0,8,13,run-001/estimated
-8.5,P2-SSB,P6-SSB,500,479,0,1,20,run-001/estimated
-8.5,P6-SSB,BC-SSB,500,480,0,6,14,run-001/estimated
-8.5,P6-SSB,CDD-SSB,500,480,0,7,13,run-001/estimated
-6.0,B-SSB,BC-SSB,500,495,1,1,3,run-002/wide_2
-6.0,B-SSB,CDD-SSB,500,496,0,3,1,run-002/wide_2
-6.0,B-SSB,P2-SSB,500,496,0,0,4,run-002/wide_2
-6.0,B-SSB,P6-SSB,500,496,0,0,4,run-002/wide_2
-6.0,BC-SSB,CDD-SSB,500,496,0,3,1,run-002/wide_2
-6.0,P2-SSB,BC-SSB,500,495,1,1,3,run-002/wide_2
-6.0,P2-SSB,CDD-SSB,500,496,0,3,1,run-002/wide_2
-6.0,P2-SSB,P6-SSB,500,496,0,0,4,run-002/wide_2
-6.0,P6-SSB,BC-SSB,500,495,1,1,3,run-002/wide_2
-6.0,P6-SSB,CDD-SSB,500,496,0,3,1,run-002/wide_2
-5.0,B-SSB,BC-SSB,500,497,0,2,1,run-002/wide_2
-5.0,B-SSB,CDD-SSB,500,497,0,2,1,run-002/wide_2
-5.0,B-SSB,P2-SSB,500,497,0,0,3,run-002/wide_2
-5.0,B-SSB,P6-SSB,500,497,0,0,3,run-002/wide_2
-5.0,BC-SSB,CDD-SSB,500,499,0,0,1,run-002/wide_2
-5.0,P2-SSB,BC-SSB,500,497,0,2,1,run-002/wide_2
-5.0,P2-SSB,CDD-SSB,500,497,0,2,1,run-002/wide_2
-5.0,P2-SSB,P6-SSB,500,497,0,0,3,run-002/wide_2
-5.0,P6-SSB,BC-SSB,500,497,0,2,1,run-002/wide_2
-5.0,P6-SSB,CDD-SSB,500,497,0,2,1,run-002/wide_2
-4.0,B-SSB,BC-SSB,500,497,0,2,1,run-002/wide_2
-4.0,B-SSB,CDD-SSB,500,497,0,2,1,run-002/wide_2
-4.0,B-SSB,P2-SSB,500,497,0,0,3,run-002/wide_2
-4.0,B-SSB,P6-SSB,500,497,0,0,3,run-002/wide_2
-4.0,BC-SSB,CDD-SSB,500,499,0,0,1,run-002/wide_2
-4.0,P2-SSB,BC-SSB,500,497,0,2,1,run-002/wide_2
-4.0,P2-SSB,CDD-SSB,500,497,0,2,1,run-002/wide_2
-4.0,P2-SSB,P6-SSB,500,497,0,0,3,run-002/wide_2
-4.0,P6-SSB,BC-SSB,500,497,0,2,1,run-002/wide_2
-4.0,P6-SSB,CDD-SSB,500,497,0,2,1,run-002/wide_2
-2.0,B-SSB,BC-SSB,500,499,0,0,1,run-002/wide_2
-2.0,B-SSB,CDD-SSB,500,499,0,0,1,run-002/wide_2
-2.0,B-SSB,P2-SSB,500,499,0,0,1,run-002/wide_2
-2.0,B-SSB,P6-SSB,500,499,0,0,1,run-002/wide_2
-2.0,BC-SSB,CDD-SSB,500,499,0,0,1,run-002/wide_2
-2.0,P2-SSB,BC-SSB,500,499,0,0,1,run-002/wide_2
-2.0,P2-SSB,CDD-SSB,500,499,0,0,1,run-002/wide_2
-2.0,P2-SSB,P6-SSB,500,499,0,0,1,run-002/wide_2
-2.0,P6-SSB,BC-SSB,500,499,0,0,1,run-002/wide_2
-2.0,P6-SSB,CDD-SSB,500,499,0,0,1,run-002/wide_2
0.0,B-SSB,BC-SSB,500,499,0,0,1,run-002/wide_2
0.0,B-SSB,CDD-SSB,500,499,0,0,1,run-002/wide_2
0.0,B-SSB,P2-SSB,500,499,0,0,1,run-002/wide_2
0.0,B-SSB,P6-SSB,500,499,0,0,1,run-002/wide_2
0.0,BC-SSB,CDD-SSB,500,499,0,0,1,run-002/wide_2
0.0,P2-SSB,BC-SSB,500,499,0,0,1,run-002/wide_2
0.0,P2-SSB,CDD-SSB,500,499,0,0,1,run-002/wide_2
0.0,P2-SSB,P6-SSB,500,499,0,0,1,run-002/wide_2
0.0,P6-SSB,BC-SSB,500,499,0,0,1,run-002/wide_2
0.0,P6-SSB,CDD-SSB,500,499,0,0,1,run-002/wide_2
2.0,B-SSB,BC-SSB,500,499,0,0,1,run-002/wide_2
2.0,B-SSB,CDD-SSB,500,499,0,0,1,run-002/wide_2
2.0,B-SSB,P2-SSB,500,499,0,0,1,run-002/wide_2
2.0,B-SSB,P6-SSB,500,499,0,0,1,run-002/wide_2
2.0,BC-SSB,CDD-SSB,500,499,0,0,1,run-002/wide_2
2.0,P2-SSB,BC-SSB,500,499,0,0,1,run-002/wide_2
2.0,P2-SSB,CDD-SSB,500,499,0,0,1,run-002/wide_2
2.0,P2-SSB,P6-SSB,500,499,0,0,1,run-002/wide_2
2.0,P6-SSB,BC-SSB,500,499,0,0,1,run-002/wide_2
2.0,P6-SSB,CDD-SSB,500,499,0,0,1,run-002/wide_2
