snr_db,drop_index,selected_ssb,subcarrier,raw_power,normalized_power
-2.0,0,3,0,1.055091556392077,0.9999999999999999
-2.0,0,3,1,1.0556554810693413,1.0000000000000007
-2.0,0,3,2,1.0562127833009312,0.9999999999999999
-2.0,0,3,3,1.0567633967734522,0.9999999999999996
-2.0,0,3,4,1.0573072559694077,1.0
-2.0,0,3,5,1.0578442961749932,1.0000000000000002
-2.0,0,3,6,1.0583744534877935,1.0000000000000007
-2.0,0,3,7,1.0588976648243915,0.9999999999999999
-2.0,0,3,8,1.05941386792787,0.9999999999999997
-2.0,0,3,9,1.0599230013752203,0.9999999999999998
-2.0,0,3,10,1.060425004584655,1.0000000000000016
-2.0,0,3,11,1.0609198178228139,0.9999999999999997
-2.0,0,3,12,1.0614073822118668,0.9999999999999999
-2.0,0,3,13,1.0618876397365287,1.0000000000000007
-2.0,0,3,14,1.0623605332509576,1.0000000000000004
-2.0,0,3,15,1.062826006485554,0.9999999999999999
-2.0,0,3,16,1.0632840040536566,1.0
-2.0,0,3,17,1.0637344714581367,0.9999999999999997
-2.0,0,3,18,1.0641773550978757,1.0000000000000002
-2.0,0,3,19,1.0646126022741522,0.9999999999999996
-2.0,0,3,20,1.0650401611969025,1.0000000000000002
-2.0,0,3,21,1.065459980990892,0.9999999999999993
-2.0,0,3,22,1.0658720117017633,0.9999999999999999
-2.0,0,3,23,1.066276204301981,0.9999999999999997
-2.0,0,3,24,1.0666725106966697,0.9999999999999997
-2.0,0,3,25,1.06706088372933,0.9999999999999996
-2.0,0,3,26,1.067441277187455,1.0000000000000002
-2.0,0,3,27,1.0678136458080283,0.9999999999999999
-2.0,0,3,28,1.0681779452829074,0.9999999999999993
-2.0,0,3,29,1.0685341322640969,0.9999999999999999
-2.0,0,3,30,1.0688821643689097,1.0
-2.0,0,3,31,1.069222000185004,1.0000000000000007
-2.0,0,3,32,1.0695535992753173,1.0
-2.0,0,3,33,1.0698769221828746,0.9999999999999996
-2.0,0,3,34,1.0701919304354806,1.0000000000000007
-2.0,0,3,35,1.070498586550306,1.0000000000000007
-2.0,0,3,36,1.070796854038339,1.0
-2.0,0,3,37,1.0710866974087316,1.0000000000000004
-2.0,0,3,38,1.0713680821730205,0.9999999999999999
-2.0,0,3,39,1.071640974849232,1.0000000000000007
-2.0,0,3,40,1.0719053429658685,1.0000000000000004
-2.0,0,3,41,1.0721611550657666,1.0000000000000007
-2.0,0,3,42,1.0724083807098466,0.9999999999999997
-2.0,0,3,43,1.0726469904807259,1.0000000000000009
-2.0,0,3,44,1.0728769559862301,1.0000000000000007
-2.0,0,3,45,1.073098249862764,0.9999999999999999
-2.0,0,3,46,1.0733108457785678,1.0000000000000002
-2.0,0,3,47,1.0735147184368548,1.0000000000000002
-2.0,0,3,48,1.0737098435788173,0.9999999999999996
-2.0,0,3,49,1.0738961979865131,1.0
-2.0,0,3,50,1.0740737594856338,1.0000000000000004
-2.0,0,3,51,1.0742425069481363,0.999999999999999
-2.0,0,3,52,1.0744024202947584,0.9999999999999994
-2.0,0,3,53,1.0745534804974113,0.9999999999999998
-2.0,0,3,54,1.0746956695814425,0.9999999999999997
-2.0,0,3,55,1.074828970627772,1.0000000000000002
-2.0,0,3,56,1.0749533677749097,1.0000000000000002
-2.0,0,3,57,1.0750688462208382,0.9999999999999998
-2.0,0,3,58,1.075175392224777,1.0000000000000004
-2.0,0,3,59,1.0752729931088185,0.9999999999999997
-2.0,0,3,60,1.0753616372594315,1.0000000000000004
-2.0,0,3,61,1.0754413141288504,0.9999999999999998
-2.0,0,3,62,1.0755120142363228,0.9999999999999999
-2.0,0,3,63,1.0755737291692442,1.0000000000000002
-2.0,0,3,64,1.075626451584155,1.0
-2.0,0,3,65,1.0756701752076137,0.9999999999999994
-2.0,0,3,66,1.0757048948369476,0.9999999999999997
-2.0,0,3,67,1.0757306063408667,0.9999999999999999
-2.0,0,3,68,1.0757473066599608,1.0000000000000002
-2.0,0,3,69,1.075754993807057,1.0000000000000004
-2.0,0,3,70,1.0757536668674645,1.0000000000000002
-2.0,0,3,71,1.0757433259990736,0.9999999999999998
-2.0,0,3,72,1.0757239724323446,0.9999999999999997
-2.0,0,3,73,1.075695608470158,1.0000000000000004
-2.0,0,3,74,1.075658237487542,1.0
-2.0,0,3,75,1.0756118639312715,0.9999999999999994
-2.0,0,3,76,1.075556493319333,1.0000000000000002
-2.0,0,3,77,1.075492132240278,1.0000000000000002
-2.0,0,3,78,1.0754187883524302,1.0000000000000002
-2.0,0,3,79,1.0753364703829786,0.9999999999999999
-2.0,0,3,80,1.075245188126939,1.0000000000000002
-2.0,0,3,81,1.075144952445987,0.9999999999999992
-2.0,0,3,82,1.0750357752671647,1.0000000000000009
-2.0,0,3,83,1.0749176695814668,1.0000000000000002
-2.0,0,3,84,1.0747906494422879,1.0000000000000002
-2.0,0,3,85,1.074654729963755,0.9999999999999993
-2.0,0,3,86,1.0745099273189245,1.0000000000000002
-2.0,0,3,87,1.0743562587378648,1.0
-2.0,0,3,88,1.0741937425056012,1.0000000000000002
-2.0,0,3,89,1.0740223979599381,1.0000000000000002
-2.0,0,3,90,1.0738422454891643,1.0000000000000002
-2.0,0,3,91,1.0736533065296217,1.0000000000000009
-2.0,0,3,92,1.0734556035631573,1.0000000000000004
-2.0,0,3,93,1.0732491601144474,0.9999999999999998
-2.0,0,3,94,1.0730340007481978,0.9999999999999994
-2.0,0,3,95,1.07281015106622,0.9999999999999994
-2.0,0,3,96,1.0725776377043894,0.9999999999999993
-2.0,0,3,97,1.072336488329469,1.0
-2.0,0,3,98,1.0720867316358247,1.0
-2.0,0,3,99,1.0718283973420035,1.0000000000000002
-2.0,0,3,100,1.0715615161872059,1.0
-2.0,0,3,101,1.0712861199276176,1.0
-2.0,0,3,102,1.0710022413326417,0.9999999999999997
-2.0,0,3,103,1.070709914180989,1.0
-2.0,0,3,104,1.0704091732566705,0.9999999999999993
-2.0,0,3,105,1.0701000543448462,1.0
-2.0,0,3,106,1.069782594227577,1.0000000000000002
-2.0,0,3,107,1.0694568306794423,0.9999999999999999
-2.0,0,3,108,1.0691228024630448,1.0
-2.0,0,3,109,1.0687805493244034,0.9999999999999992
-2.0,0,3,110,1.0684301119882171,1.0000000000000004
-2.0,0,3,111,1.0680715321530279,1.0000000000000007
-2.0,0,3,112,1.0677048524862462,1.0000000000000004
-2.0,0,3,113,1.0673301166190896,0.9999999999999996
-2.0,0,3,114,1.0669473691413751,1.0000000000000002
-2.0,0,3,115,1.0665566555962278,0.9999999999999997
-2.0,0,3,116,1.0661580224746496,1.0000000000000007
-2.0,0,3,117,1.0657515172099983,0.9999999999999996
-2.0,0,3,118,1.0653371881723324,1.0000000000000002
-2.0,0,3,119,1.0649150846626665,1.0000000000000002
-2.0,0,3,120,1.064485256907096,1.0000000000000002
-2.0,0,3,121,1.0640477560508252,0.9999999999999998
-2.0,0,3,122,1.0636026341520814,1.0
-2.0,0,3,123,1.063149944175919,0.9999999999999996
-2.0,0,3,124,1.0626897399879172,1.0000000000000007
-2.0,0,3,125,1.0622220763477737,0.9999999999999997
-2.0,0,3,126,1.0617470089027843,0.9999999999999999
-2.0,0,3,127,1.0612645941812233,1.0
-2.0,0,3,128,1.0607748895856195,0.9999999999999994
-2.0,0,3,129,1.0602779533859223,0.9999999999999999
-2.0,0,3,130,1.0597738447125686,1.0000000000000009
-2.0,0,3,131,1.059262623549451,1.0000000000000007
-2.0,0,3,132,1.0587443507267764,1.0000000000000004
-2.0,0,3,133,1.058219087913826,0.9999999999999999
-2.0,0,3,134,1.0576868976116216,0.9999999999999993
-2.0,0,3,135,1.057147843145487,1.0000000000000002
-2.0,0,3,136,1.0566019886575149,0.9999999999999994
-2.0,0,3,137,1.056049399098928,1.0000000000000007
-2.0,0,3,138,1.0554901402223607,0.9999999999999999
-2.0,0,3,139,1.0549242785740236,1.0000000000000004
-2.0,0,3,140,1.054351881485796,1.0000000000000002
-2.0,0,3,141,1.053773017067207,0.9999999999999999
-2.0,0,3,142,1.0531877541973331,1.0
-2.0,0,3,143,1.0525961625166027,0.9999999999999996
-2.0,0,3,144,1.051998312418511,0.9999999999999992
-2.0,0,3,145,1.051394275041239,1.0000000000000002
-2.0,0,3,146,1.0507841222591972,0.9999999999999991
-2.0,0,3,147,1.0501679266744615,1.0000000000000004
-2.0,0,3,148,1.0495457616081458,1.0000000000000004
-2.0,0,3,149,1.0489177010916717,0.9999999999999993
-2.0,0,3,150,1.048283819857959,1.0
-2.0,0,3,151,1.0476441933325353,1.0000000000000007
-2.0,0,3,152,1.0469988976245632,0.9999999999999994
-2.0,0,3,153,1.0463480095177744,1.0000000000000004
-2.0,0,3,154,1.0456916064613493,0.9999999999999999
-2.0,0,3,155,1.0450297665606836,0.9999999999999998
-2.0,0,3,156,1.0443625685681082,1.0000000000000004
-2.0,0,3,157,1.043690091873513,0.9999999999999998
-2.0,0,3,158,1.043012416494898,1.0
-2.0,0,3,159,1.0423296230688575,1.0000000000000004
-2.0,0,3,160,1.0416417928409811,1.0000000000000007
-2.0,0,3,161,1.0409490076561871,0.9999999999999994
-2.0,0,3,162,1.0402513499489832,1.000000000000001
-2.0,0,3,163,1.0395489027336628,0.9999999999999998
-2.0,0,3,164,1.0388417495944169,0.9999999999999994
-2.0,0,3,165,1.0381299746753974,1.000000000000001
-2.0,0,3,166,1.0374136626707047,1.0000000000000002
-2.0,0,3,167,1.036692898814301,0.9999999999999996
-2.0,0,3,168,1.0359677688698778,1.0000000000000004
-2.0,0,3,169,1.0352383591206482,1.0000000000000002
-2.0,0,3,170,1.0345047563590775,0.9999999999999998
-2.0,0,3,171,1.0337670478765577,1.0
-2.0,0,3,172,1.0330253214530214,1.0000000000000002
-2.0,0,3,173,1.0322796653464954,0.9999999999999997
-2.0,0,3,174,1.031530168282599,1.0
-2.0,0,3,175,1.030776919443989,0.9999999999999993
-2.0,0,3,176,1.0300200084597424,1.0000000000000002
-2.0,0,3,177,1.0292595253946988,1.0
-2.0,0,3,178,1.0284955607387372,0.9999999999999998
-2.0,0,3,179,1.0277282053960126,0.9999999999999993
-2.0,0,3,180,1.0269575506741349,1.0
-2.0,0,3,181,1.0261836882733113,0.9999999999999999
-2.0,0,3,182,1.0254067102754276,0.9999999999999993
-2.0,0,3,183,1.024626709133096,0.9999999999999993
-2.0,0,3,184,1.023843777658652,0.9999999999999999
-2.0,0,3,185,1.0230580090131114,1.0
-2.0,0,3,186,1.0222694966950852,1.0000000000000004
-2.0,0,3,187,1.021478334529654,1.0
-2.0,0,3,188,1.020684616657204,0.9999999999999997
-2.0,0,3,189,1.0198884375222237,1.0
-2.0,0,3,190,1.0190898918620688,0.9999999999999996
-2.0,0,3,191,1.0182890746956867,0.9999999999999999
-2.0,0,3,192,1.0174860813123114,1.0000000000000007
-2.0,0,3,193,1.0166810072601264,1.0000000000000007
-2.0,0,3,194,1.015873948334893,1.0000000000000007
-2.0,0,3,195,1.0150650005685526,0.9999999999999998
-2.0,0,3,196,1.0142542602177986,0.9999999999999994
-2.0,0,3,197,1.013441823752625,0.9999999999999991
-2.0,0,3,198,1.0126277878448473,0.9999999999999998
-2.0,0,3,199,1.0118122493565973,1.0000000000000002
-2.0,0,3,200,1.0109953053288008,0.9999999999999997
-2.0,0,3,201,1.0101770529696255,1.0000000000000004
-2.0,0,3,202,1.0093575896429217,0.9999999999999999
-2.0,0,3,203,1.008537012856628,1.0000000000000004
-2.0,0,3,204,1.0077154202511776,1.0000000000000002
-2.0,0,3,205,1.0068929095878736,1.0000000000000007
-2.0,0,3,206,1.0060695787372598,0.9999999999999997
-2.0,0,3,207,1.0052455256674742,1.0000000000000004
-2.0,0,3,208,1.0044208484325905,1.0000000000000002
-2.0,0,3,209,1.0035956451609531,1.0000000000000004
-2.0,0,3,210,1.0027700140434996,1.0
-2.0,0,3,211,1.0019440533220756,1.0
-2.0,0,3,212,1.0011178612777476,0.9999999999999997
-2.0,0,3,213,1.0002915362191056,1.0000000000000007
-2.0,0,3,214,0.9994651764705702,1.0
-2.0,0,3,215,0.9986388803606859,0.9999999999999996
-2.0,0,3,216,0.9978127462104277,0.9999999999999997
-2.0,0,3,217,0.9969868723214956,1.0000000000000004
-2.0,0,3,218,0.9961613569646264,1.0000000000000002
-2.0,0,3,219,0.9953362983678908,0.9999999999999996
-2.0,0,3,220,0.9945117947050105,1.0000000000000002
-2.0,0,3,221,0.9936879440836764,1.0000000000000002
-2.0,0,3,222,0.9928648445338749,0.9999999999999999
-2.0,0,3,223,0.9920425939962195,0.9999999999999997
-2.0,0,3,224,0.9912212903103024,1.0
-2.0,0,3,225,0.9904010312030483,0.9999999999999999
-2.0,0,3,226,0.9895819142770887,1.0000000000000004
-2.0,0,3,227,0.9887640369991458,1.0000000000000004
-2.0,0,3,228,0.9879474966884376,1.0000000000000002
-2.0,0,3,229,0.9871323905050949,0.9999999999999996
-2.0,0,3,230,0.9863188154386012,0.9999999999999998
-2.0,0,3,231,0.9855068682962551,1.0
-2.0,0,3,232,0.9846966456916455,1.0000000000000002
-2.0,0,3,233,0.9838882440331614,0.9999999999999998
-2.0,0,3,234,0.9830817595125148,0.9999999999999994
-2.0,0,3,235,0.982277288093298,0.9999999999999999
-2.0,0,3,236,0.9814749254995653,1.0000000000000002
-2.0,0,3,237,0.9806747672044436,0.9999999999999993
-2.0,0,3,238,0.9798769084187653,1.0000000000000004
-2.0,0,3,239,0.9790814440797483,1.0000000000000002
-2.0,0,3,240,0.9782884688396939,1.0000000000000007
-2.0,0,3,241,0.9774980770547258,1.0000000000000004
-2.0,0,3,242,0.976710362773563,0.9999999999999998
-2.0,0,3,243,0.9759254197263258,1.0
-2.0,0,3,244,0.9751433413133888,1.0000000000000002
-2.0,0,3,245,0.9743642205942611,1.0
-2.0,0,3,246,0.973588150276517,1.0000000000000007
-2.0,0,3,247,0.9728152227047644,0.9999999999999992
-2.0,0,3,248,0.9720455298496528,1.0000000000000004
-2.0,0,3,249,0.9712791632969372,0.9999999999999996
-2.0,0,3,250,0.9705162142365712,1.0000000000000002
-2.0,0,3,251,0.9697567734518652,1.0000000000000002
-2.0,0,3,252,0.9690009313086774,0.9999999999999993
-2.0,0,3,253,0.9682487777446631,1.0
-2.0,0,3,254,0.9675004022585754,1.0
-2.0,0,3,255,0.9667558938996138,0.9999999999999996
-2.0,0,3,256,0.9660153412568268,1.0000000000000002
-2.0,0,3,257,0.9652788324485735,0.9999999999999996
-2.0,0,3,258,0.9645464551120373,0.9999999999999996
-2.0,0,3,259,0.9638182963927964,1.0
-2.0,0,3,260,0.963094442934456,1.0
-2.0,0,3,261,0.9623749808683407,0.9999999999999991
-2.0,0,3,262,0.9616599958032401,0.9999999999999997
-2.0,0,3,263,0.9609495728152275,0.9999999999999997
-2.0,0,3,264,0.9602437964375342,0.9999999999999999
-2.0,0,3,265,0.9595427506504908,0.9999999999999999
-2.0,0,3,266,0.958846518871535,0.9999999999999994
-2.0,0,3,267,0.9581551839452866,1.0
-2.0,0,3,268,0.9574688281336887,0.9999999999999998
-2.0,0,3,269,0.9567875331062177,1.0000000000000002
-2.0,0,3,270,0.9561113799301691,1.0
-2.0,0,3,271,0.9554404490610101,1.0000000000000004
-2.0,0,3,272,0.9547748203328038,0.9999999999999998
-2.0,0,3,273,0.9541145729487125,1.0000000000000002
-2.0,0,3,274,0.9534597854715726,0.9999999999999999
-2.0,0,3,275,0.952810535814545,1.0
-2.0,0,3,276,0.9521669012318472,0.9999999999999993
-2.0,0,3,277,0.9515289583095575,0.9999999999999992
-2.0,0,3,278,0.9508967829565035,0.9999999999999999
-2.0,0,3,279,0.950270450395231,0.9999999999999998
-2.0,0,3,280,0.949650035153051,1.0000000000000002
-2.0,0,3,281,0.9490356110531732,0.9999999999999999
-2.0,0,3,282,0.948427251205921,0.9999999999999997
-2.0,0,3,283,0.9478250280000325,0.9999999999999993
-2.0,0,3,284,0.9472290130940462,1.0
-2.0,0,3,285,0.946639277407776,0.9999999999999998
-2.0,0,3,286,0.946055891113872,0.9999999999999991
-2.0,0,3,287,0.945478923629467,1.0000000000000004
-2.0,0,3,288,0.9449084436079236,1.0000000000000002
-2.0,0,3,289,0.9443445189306581,1.0000000000000007
-2.0,0,3,290,0.9437872166990702,0.9999999999999992
-2.0,0,3,291,0.9432366032265482,1.0000000000000007
-2.0,0,3,292,0.9426927440305926,0.9999999999999997
-2.0,0,3,293,0.9421557038250076,0.9999999999999993
-2.0,0,3,294,0.9416255465122066,0.9999999999999998
-2.0,0,3,295,0.9411023351756087,1.0
-2.0,0,3,296,0.9405861320721308,0.9999999999999998
-2.0,0,3,297,0.9400769986247798,1.0000000000000002
-2.0,0,3,298,0.9395749954153442,1.0
-2.0,0,3,299,0.9390801821771867,1.0
-2.0,0,3,300,0.9385926177881336,1.0
-2.0,0,3,301,0.938112360263471,1.0000000000000004
-2.0,0,3,302,0.9376394667490425,1.0000000000000002
-2.0,0,3,303,0.9371739935144469,0.9999999999999997
-2.0,0,3,304,0.9367159959463431,1.0000000000000009
-2.0,0,3,305,0.9362655285418638,1.0000000000000002
-2.0,0,3,306,0.9358226449021249,1.0
-2.0,0,3,307,0.9353873977258482,1.0000000000000002
-2.0,0,3,308,0.9349598388030979,1.0
-2.0,0,3,309,0.9345400190091082,0.9999999999999996
-2.0,0,3,310,0.9341279882982375,1.0000000000000002
-2.0,0,3,311,0.9337237956980193,1.0
-2.0,0,3,312,0.9333274893033314,1.0000000000000002
-2.0,0,3,313,0.932939116270671,0.9999999999999998
-2.0,0,3,314,0.9325587228125453,0.9999999999999999
-2.0,0,3,315,0.9321863541919718,1.0000000000000004
-2.0,0,3,316,0.9318220547170936,1.0000000000000002
-2.0,0,3,317,0.9314658677359039,0.9999999999999991
-2.0,0,3,318,0.9311178356310917,0.9999999999999998
-2.0,0,3,319,0.9307779998149965,1.0000000000000002
-2.0,0,3,320,0.9304464007246829,0.9999999999999997
-2.0,0,3,321,0.9301230778171261,1.0000000000000004
-2.0,0,3,322,0.9298080695645194,1.0000000000000002
-2.0,0,3,323,0.9295014134496945,0.9999999999999997
-2.0,0,3,324,0.9292031459616615,0.9999999999999997
-2.0,0,3,325,0.9289133025912691,0.9999999999999997
-2.0,0,3,326,0.9286319178269805,0.9999999999999998
-2.0,0,3,327,0.9283590251507678,0.9999999999999997
-2.0,0,3,328,0.928094657034132,0.9999999999999998
-2.0,0,3,329,0.9278388449342332,1.0000000000000002
-2.0,0,3,330,0.9275916192901545,0.9999999999999992
-2.0,0,3,331,0.927353009519274,0.9999999999999996
-2.0,0,3,332,0.9271230440137695,0.9999999999999998
-2.0,0,3,333,0.9269017501372364,0.9999999999999999
-2.0,0,3,334,0.9266891542214326,0.9999999999999996
-2.0,0,3,335,0.9264852815631455,1.0
-2.0,0,3,336,0.9262901564211833,1.0000000000000002
-2.0,0,3,337,0.926103802013487,1.0000000000000002
-2.0,0,3,338,0.9259262405143663,1.0000000000000004
-2.0,0,3,339,0.925757493051865,1.0000000000000002
-2.0,0,3,340,0.9255975797052428,1.0000000000000002
-2.0,0,3,341,0.9254465195025894,1.0000000000000002
-2.0,0,3,342,0.9253043304185581,1.0000000000000002
-2.0,0,3,343,0.9251710293722281,0.9999999999999999
-2.0,0,3,344,0.9250466322250906,0.9999999999999999
-2.0,0,3,345,0.9249311537791615,1.0000000000000009
-2.0,0,3,346,0.9248246077752227,1.0000000000000002
-2.0,0,3,347,0.9247270068911817,1.0000000000000007
-2.0,0,3,348,0.9246383627405685,1.0000000000000004
-2.0,0,3,349,0.9245586858711499,1.000000000000001
-2.0,0,3,350,0.9244879857636772,0.9999999999999998
-2.0,0,3,351,0.9244262708307561,1.0
-2.0,0,3,352,0.9243735484158456,1.0000000000000002
-2.0,0,3,353,0.9243298247923873,0.9999999999999998
-2.0,0,3,354,0.9242951051630534,0.9999999999999999
-2.0,0,3,355,0.9242693936591337,0.9999999999999994
-2.0,0,3,356,0.9242526933400398,0.9999999999999997
-2.0,0,3,357,0.9242450061929425,1.0000000000000004
-2.0,0,3,358,0.9242463331325356,1.0000000000000004
-2.0,0,3,359,0.9242566740009269,0.9999999999999999
-2.0,0,3,360,0.9242760275676564,0.999999999999999
-2.0,0,3,361,0.9243043915298422,1.0000000000000002
-2.0,0,3,362,0.9243417625124575,0.9999999999999997
-2.0,0,3,363,0.9243881360687288,1.0000000000000007
-2.0,0,3,364,0.9244435066806667,0.9999999999999996
-2.0,0,3,365,0.9245078677597223,0.9999999999999997
-2.0,0,3,366,0.9245812116475703,0.9999999999999997
-2.0,0,3,367,0.9246635296170215,1.0000000000000004
-2.0,0,3,368,0.9247548118730616,0.9999999999999997
-2.0,0,3,369,0.9248550475540135,1.0000000000000002
-2.0,0,3,370,0.9249642247328353,0.9999999999999999
-2.0,0,3,371,0.9250823304185332,0.9999999999999999
-2.0,0,3,372,0.925209350557712,1.0000000000000009
-2.0,0,3,373,0.9253452700362463,0.9999999999999999
-2.0,0,3,374,0.9254900726810763,1.0
-2.0,0,3,375,0.9256437412621354,0.9999999999999994
-2.0,0,3,376,0.9258062574943995,0.9999999999999998
-2.0,0,3,377,0.9259776020400624,0.9999999999999998
-2.0,0,3,378,0.9261577545108363,0.9999999999999998
-2.0,0,3,379,0.9263466934703786,0.9999999999999997
-2.0,0,3,380,0.9265443964368425,1.0000000000000002
-2.0,0,3,381,0.9267508398855528,1.0000000000000002
-2.0,0,3,382,0.9269659992518037,0.9999999999999994
-2.0,0,3,383,0.9271898489337808,1.0
-2.0,0,3,384,0.9274223622956119,1.0
-2.0,0,3,385,0.9276635116705314,0.9999999999999998
-2.0,0,3,386,0.9279132683641761,1.0
-2.0,0,3,387,0.9281716026579965,0.9999999999999998
-2.0,0,3,388,0.9284384838127943,1.0000000000000004
-2.0,0,3,389,0.9287138800723829,0.9999999999999993
-2.0,0,3,390,0.9289977586673598,0.9999999999999994
-2.0,0,3,391,0.9292900858190113,0.9999999999999996
-2.0,0,3,392,0.9295908267433304,1.0
-2.0,0,3,393,0.9298999456551539,0.9999999999999997
-2.0,0,3,394,0.9302174057724236,0.9999999999999996
-2.0,0,3,395,0.9305431693205582,1.0000000000000007
-2.0,0,3,396,0.9308771975369562,0.9999999999999996
-2.0,0,3,397,0.9312194506755977,0.9999999999999999
-2.0,0,3,398,0.9315698880117823,1.000000000000001
-2.0,0,3,399,0.9319284678469727,0.9999999999999996
-2.0,0,3,400,0.9322951475137532,0.9999999999999999
-2.0,0,3,401,0.932669883380911,0.9999999999999997
-2.0,0,3,402,0.933052630858625,0.9999999999999999
-2.0,0,3,403,0.9334433444037729,1.0
-2.0,0,3,404,0.9338419775253503,1.0000000000000002
-2.0,0,3,405,0.9342484827900025,0.9999999999999998
-2.0,0,3,406,0.9346628118276676,0.9999999999999998
-2.0,0,3,407,0.9350849153373333,1.0
-2.0,0,3,408,0.9355147430929039,1.0000000000000002
-2.0,0,3,409,0.9359522439491753,0.9999999999999994
-2.0,0,3,410,0.9363973658479188,1.0000000000000004
-2.0,0,3,411,0.9368500558240819,1.0000000000000002
-2.0,0,3,412,0.9373102600120826,1.0000000000000002
-2.0,0,3,413,0.937777923652227,0.9999999999999999
-2.0,0,3,414,0.9382529910972163,1.0
-2.0,0,3,415,0.938735405818777,0.9999999999999997
-2.0,0,3,416,0.939225110414381,0.9999999999999998
-2.0,0,3,417,0.9397220466140784,0.9999999999999996
-2.0,0,3,418,0.9402261552874309,1.0
-2.0,0,3,419,0.9407373764505484,0.9999999999999994
-2.0,0,3,420,0.9412556492732234,1.0000000000000007
-2.0,0,3,421,0.9417809120861748,1.0000000000000009
-2.0,0,3,422,0.9423131023883788,0.9999999999999999
-2.0,0,3,423,0.942852156854513,1.0000000000000007
-2.0,0,3,424,0.9433980113424857,1.0000000000000002
-2.0,0,3,425,0.943950600901072,0.9999999999999999
-2.0,0,3,426,0.94450985977764,0.9999999999999997
-2.0,0,3,427,0.9450757214259762,0.9999999999999998
-2.0,0,3,428,0.9456481185142039,1.0000000000000002
-2.0,0,3,429,0.9462269829327935,0.9999999999999999
-2.0,0,3,430,0.9468122458026673,0.9999999999999999
-2.0,0,3,431,0.9474038374833973,0.9999999999999999
-2.0,0,3,432,0.9480016875814891,1.0000000000000004
-2.0,0,3,433,0.9486057249587608,0.9999999999999996
-2.0,0,3,434,0.949215877740804,0.9999999999999997
-2.0,0,3,435,0.9498320733255396,0.9999999999999998
-2.0,0,3,436,0.9504542383918545,1.0000000000000004
-2.0,0,3,437,0.9510822989083291,0.9999999999999996
-2.0,0,3,438,0.9517161801420414,0.9999999999999998
-2.0,0,3,439,0.952355806667464,1.0000000000000002
-2.0,0,3,440,0.9530011023754377,0.9999999999999999
-2.0,0,3,441,0.9536519904822253,1.0000000000000002
-2.0,0,3,442,0.9543083935386515,1.0000000000000002
-2.0,0,3,443,0.9549702334393172,1.0
-2.0,0,3,444,0.955637431431892,1.0000000000000002
-2.0,0,3,445,0.9563099081264871,1.0
-2.0,0,3,446,0.9569875835051019,0.9999999999999997
-2.0,0,3,447,0.9576703769311424,0.9999999999999997
-2.0,0,3,448,0.9583582071590186,1.0000000000000007
-2.0,0,3,449,0.9590509923438135,0.9999999999999996
-2.0,0,3,450,0.9597486500510158,1.0000000000000007
-2.0,0,3,451,0.9604510972663373,1.0000000000000009
-2.0,0,3,452,0.9611582504055836,0.999999999999999
-2.0,0,3,453,0.9618700253246023,0.9999999999999998
-2.0,0,3,454,0.9625863373292957,1.0000000000000004
-2.0,0,3,455,0.9633071011856997,0.9999999999999998
-2.0,0,3,456,0.9640322311301224,0.9999999999999994
-2.0,0,3,457,0.9647616408793521,0.9999999999999999
-2.0,0,3,458,0.965495243640923,0.9999999999999993
-2.0,0,3,459,0.9662329521234425,0.9999999999999997
-2.0,0,3,460,0.9669746785469785,1.0000000000000002
-2.0,0,3,461,0.967720334653505,1.0
-2.0,0,3,462,0.9684698317174009,1.0000000000000004
-2.0,0,3,463,0.9692230805560117,1.0
-2.0,0,3,464,0.9699799915402574,1.0000000000000002
-2.0,0,3,465,0.9707404746053011,1.0000000000000009
-2.0,0,3,466,0.9715044392612631,0.9999999999999997
-2.0,0,3,467,0.9722717946039885,0.9999999999999999
-2.0,0,3,468,0.9730424493258655,1.0000000000000002
-2.0,0,3,469,0.9738163117266897,0.9999999999999996
-2.0,0,3,470,0.9745932897245727,1.0
-2.0,0,3,471,0.9753732908669047,0.9999999999999998
-2.0,0,3,472,0.9761562223413487,0.9999999999999999
-2.0,0,3,473,0.9769419909868892,0.9999999999999999
-2.0,0,3,474,0.9777305033049148,1.0000000000000007
-2.0,0,3,475,0.9785216654703461,0.9999999999999997
-2.0,0,3,476,0.9793153833427967,1.0000000000000004
-2.0,0,3,477,0.9801115624777768,1.0000000000000002
-2.0,0,3,478,0.9809101081379321,0.9999999999999994
-2.0,0,3,479,0.981710925304314,0.9999999999999998
-2.0,0,3,480,0.982513918687688,1.0000000000000007
-2.0,0,3,481,0.983318992739873,1.0000000000000004
-2.0,0,3,482,0.9841260516651066,0.9999999999999996
-2.0,0,3,483,0.9849349994314478,0.9999999999999999
-2.0,0,3,484,0.985745739782202,1.0000000000000004
-2.0,0,3,485,0.9865581762473751,1.0000000000000007
-2.0,0,3,486,0.987372212155153,1.0000000000000002
-2.0,0,3,487,0.9881877506434023,0.9999999999999999
-2.0,0,3,488,0.9890046946711993,1.0000000000000002
-2.0,0,3,489,0.9898229470303739,1.0000000000000004
-2.0,0,3,490,0.9906424103570787,0.9999999999999998
-2.0,0,3,491,0.9914629871433718,1.0
-2.0,0,3,492,0.9922845797488228,1.0000000000000002
-2.0,0,3,493,0.9931070904121265,0.9999999999999996
-2.0,0,3,494,0.9939304212627401,1.0000000000000002
-2.0,0,3,495,0.994754474332526,1.0000000000000007
-2.0,0,3,496,0.995579151567409,1.0000000000000004
-2.0,0,3,497,0.9964043548390467,1.0000000000000004
-2.0,0,3,498,0.9972299859565003,1.0000000000000004
-2.0,0,3,499,0.9980559466779246,0.9999999999999996
-2.0,0,3,500,0.9988821387222532,0.9999999999999999
-2.0,0,3,501,0.999708463780894,0.9999999999999996
-2.0,0,3,502,1.0005348235294302,0.9999999999999996
-2.0,0,3,503,1.0013611196393142,0.9999999999999998
-2.0,0,3,504,1.0021872537895733,0.9999999999999999
-2.0,0,3,505,1.0030131276785041,1.0
-2.0,0,3,506,1.0038386430353736,1.0000000000000002
-2.0,0,3,507,1.00466370163211,0.9999999999999996
-2.0,0,3,508,1.0054882052949894,1.0000000000000004
-2.0,0,3,509,1.006312055916323,1.0000000000000007
-2.0,0,3,510,1.0071351554661252,1.0000000000000002
-2.0,0,3,511,1.0079574060037808,0.9999999999999999
-2.0,0,3,512,1.008778709689698,0.9999999999999994
-2.0,0,3,513,1.0095989687969522,0.9999999999999992
-2.0,0,3,514,1.0104180857229117,1.0000000000000002
-2.0,0,3,515,1.0112359630008543,0.9999999999999993
-2.0,0,3,516,1.012052503311563,1.0
-2.0,0,3,517,1.0128676094949054,0.9999999999999999
-2.0,0,3,518,1.0136811845613989,1.0000000000000002
-2.0,0,3,519,1.0144931317037453,0.9999999999999997
-2.0,0,3,520,1.015303354308354,0.9999999999999998
-2.0,0,3,521,1.016111755966839,0.9999999999999994
-2.0,0,3,522,1.0169182404874855,1.0000000000000004
-2.0,0,3,523,1.017722711906702,1.0000000000000007
-2.0,0,3,524,1.0185250745004342,1.0000000000000004
-2.0,0,3,525,1.0193252327955575,0.9999999999999992
-2.0,0,3,526,1.0201230915812356,0.9999999999999999
-2.0,0,3,527,1.020918555920252,1.0000000000000002
-2.0,0,3,528,1.0217115311603064,0.9999999999999994
-2.0,0,3,529,1.0225019229452748,0.9999999999999997
-2.0,0,3,530,1.0232896372264375,1.0000000000000007
-2.0,0,3,531,1.0240745802736744,1.0
-2.0,0,3,532,1.0248566586866121,0.9999999999999994
-2.0,0,3,533,1.0256357794057394,1.0000000000000004
-2.0,0,3,534,1.026411849723483,1.0000000000000004
-2.0,0,3,535,1.0271847772952365,1.0000000000000004
-2.0,0,3,536,1.0279544701503474,0.9999999999999999
-2.0,0,3,537,1.028720836703063,1.0000000000000002
-2.0,0,3,538,1.029483785763429,0.9999999999999997
-2.0,0,3,539,1.0302432265481352,0.9999999999999996
-2.0,0,3,540,1.0309990686913235,1.0000000000000002
-2.0,0,3,541,1.0317512222553373,1.0000000000000004
-2.0,0,3,542,1.032499597741425,0.9999999999999996
-2.0,0,3,543,1.033244106100387,0.9999999999999994
-2.0,0,3,544,1.0339846587431731,1.0
-2.0,0,3,545,1.034721167551427,0.9999999999999997
-2.0,0,3,546,1.0354535448879632,1.0000000000000002
-2.0,0,3,547,1.0361817036072052,0.999999999999999
-2.0,0,3,548,1.036905557065544,1.0000000000000002
-2.0,0,3,549,1.0376250191316605,0.9999999999999997
-2.0,0,3,550,1.038340004196761,0.9999999999999993
-2.0,0,3,551,1.0390504271847731,0.9999999999999994
-2.0,0,3,552,1.039756203562466,1.0000000000000002
-2.0,0,3,553,1.0404572493495097,1.0
-2.0,0,3,554,1.0411534811284646,1.0000000000000002
-2.0,0,3,555,1.0418448160547136,1.0
-2.0,0,3,556,1.0425311718663122,0.9999999999999994
-2.0,0,3,557,1.043212466893782,1.0000000000000009
-2.0,0,3,558,1.0438886200698312,0.9999999999999996
-2.0,0,3,559,1.0445595509389902,1.0000000000000002
-2.0,0,3,560,1.045225179667196,1.0000000000000002
-2.0,0,3,561,1.0458854270512876,1.0000000000000002
-2.0,0,3,562,1.0465402145284277,1.0000000000000004
-2.0,0,3,563,1.0471894641854553,0.9999999999999994
-2.0,0,3,564,1.0478330987681532,1.0000000000000002
-2.0,0,3,565,1.048471041690443,0.9999999999999999
-2.0,0,3,566,1.0491032170434973,0.9999999999999994
-2.0,0,3,567,1.0497295496047696,1.0000000000000002
-2.0,0,3,568,1.0503499648469492,1.0000000000000009
-2.0,0,3,569,1.0509643889468283,0.9999999999999991
-2.0,0,3,570,1.051572748794079,1.0000000000000002
-2.0,0,3,571,1.052174971999968,1.0000000000000002
-2.0,0,3,572,1.0527709869059538,1.0
-2.0,0,3,573,1.0533607225922237,1.0
-2.0,0,3,574,1.053944108886128,1.0000000000000007
-2.0,0,3,575,1.054521076370533,1.0000000000000004
