snr_db,curve_id,block_errors,blocks,raw_bler,wilson_low,wilson_high,monotone_bler,source_runs
-18.0,B-SSB,137,1000,0.137,0.11707313063299474,0.1597050960275183,0.137,outputs/plan-003/run-004/threshold+outputs/plan-004/run-001/threshold-integer-fill
-17.5,B-SSB,123,1000,0.123,0.10407414325107295,0.1448112326470356,0.123,outputs/plan-004/run-001/threshold-half-grid
-17.0,B-SSB,117,1000,0.117,0.09852838761922869,0.13840290938070654,0.117,outputs/plan-003/run-004/threshold+outputs/plan-004/run-001/threshold-integer-fill
-16.5,B-SSB,106,1000,0.106,0.08840506686305155,0.12661041882356588,0.106,outputs/plan-004/run-001/threshold-half-grid
-16.0,B-SSB,95,1000,0.095,0.07834523457904741,0.11475443979425223,0.095,outputs/plan-003/run-004/threshold+outputs/plan-004/run-001/threshold-integer-fill
-15.5,B-SSB,86,1000,0.086,0.07016852477576037,0.10500003125027925,0.086,outputs/plan-004/run-001/threshold-half-grid
-15.0,B-SSB,82,1000,0.082,0.06655195342021952,0.10064721667370458,0.082,outputs/plan-003/run-004/threshold+outputs/plan-004/run-001/threshold-integer-fill
-14.0,B-SSB,107,1500,0.07133333333333333,0.05937394629575595,0.08548271897501297,0.07133333333333333,outputs/plan-003/run-002/wide_2+outputs/plan-003/run-004/core
-13.0,B-SSB,95,1500,0.06333333333333334,0.05208839990254764,0.07680913625974421,0.06333333333333334,outputs/plan-003/run-002/wide_2+outputs/plan-003/run-004/core
-12.0,B-SSB,85,1500,0.056666666666666664,0.04605898663346571,0.06953927527176187,0.056666666666666664,outputs/plan-003/run-002/wide_2+outputs/plan-003/run-004/core
-11.0,B-SSB,81,1500,0.054,0.04365935933562644,0.06661919286677545,0.054,outputs/plan-003/run-001/estimated+outputs/plan-003/run-004/core
-10.5,B-SSB,72,1500,0.048,0.03828904363175826,0.06002016173928581,0.048,outputs/plan-003/run-001/estimated+outputs/plan-004/run-001/tail-balance
-10.0,B-SSB,64,1500,0.042666666666666665,0.03355366749284015,0.054116118472552516,0.042666666666666665,outputs/plan-003/run-001/estimated+outputs/plan-003/run-004/core
-9.5,B-SSB,57,1500,0.038,0.02944502930820716,0.048915264677240534,0.038,outputs/plan-003/run-001/estimated+outputs/plan-004/run-001/tail-balance
-9.0,B-SSB,50,1500,0.03333333333333333,0.02537496605978659,0.04367583594571614,0.03333333333333333,outputs/plan-003/run-001/estimated+outputs/plan-004/run-001/tail-balance
-8.5,B-SSB,41,1500,0.027333333333333334,0.02021183428351895,0.036869620890625954,0.027333333333333334,outputs/plan-003/run-001/estimated+outputs/plan-004/run-001/tail-balance
-8.0,B-SSB,115,5000,0.023,0.019196646091299507,0.027535741564284996,0.023,outputs/plan-004/run-001/tail-balance+outputs/plan-004/run-001/low-bler-refine
-7.5,B-SSB,106,5000,0.0212,0.017559414371953234,0.025575737010633474,0.0212,outputs/plan-004/run-001/tail-balance+outputs/plan-004/run-001/low-bler-refine
-7.0,B-SSB,92,5000,0.0184,0.01502773389063461,0.022511716622844416,0.0184,outputs/plan-004/run-001/tail-balance+outputs/plan-004/run-001/low-bler-refine
-6.5,B-SSB,80,5000,0.016,0.01287517502756183,0.01986796045525347,0.016,outputs/plan-004/run-001/tail-balance+outputs/plan-004/run-001/low-bler-refine
-6.0,B-SSB,75,5500,0.013636363636363636,0.010893119319389992,0.017058532262822855,0.013636363636363636,outputs/plan-003/run-002/wide_2+outputs/plan-004/run-001/tail-balance+outputs/plan-004/run-001/low-bler-refine
-18.0,P2-SSB,142,1000,0.142,0.12173404205455421,0.16500591702110326,0.142,outputs/plan-003/run-004/threshold+outputs/plan-004/run-001/threshold-integer-fill
-17.5,P2-SSB,128,1000,0.128,0.10870752216300937,0.15013958615024364,0.128,outputs/plan-004/run-001/threshold-half-grid
-17.0,P2-SSB,119,1000,0.119,0.1003751843670106,0.1405408055989824,0.119,outputs/plan-003/run-004/threshold+outputs/plan-004/run-001/threshold-integer-fill
-16.5,P2-SSB,109,1000,0.109,0.09116003338451377,0.12983249175119033,0.109,outputs/plan-004/run-001/threshold-half-grid
-16.0,P2-SSB,96,1000,0.096,0.07925690009839677,0.11583512075793177,0.096,outputs/plan-003/run-004/threshold+outputs/plan-004/run-001/threshold-integer-fill
-15.5,P2-SSB,87,1000,0.087,0.07107442145237501,0.10608648105669351,0.087,outputs/plan-004/run-001/threshold-half-grid
-15.0,P2-SSB,79,1000,0.079,0.06384721576082919,0.09737491488400823,0.079,outputs/plan-003/run-004/threshold+outputs/plan-004/run-001/threshold-integer-fill
-14.0,P2-SSB,111,1500,0.074,0.061813250098013195,0.08836312487558143,0.074,outputs/plan-003/run-002/wide_2+outputs/plan-003/run-004/core
-13.0,P2-SSB,95,1500,0.06333333333333334,0.05208839990254764,0.07680913625974421,0.06333333333333334,outputs/plan-003/run-002/wide_2+outputs/plan-003/run-004/core
-12.0,P2-SSB,83,1500,0.05533333333333333,0.04485824885472669,0.06808015819908805,0.05533333333333333,outputs/plan-003/run-002/wide_2+outputs/plan-003/run-004/core
-11.0,P2-SSB,77,1500,0.051333333333333335,0.04126738520030481,0.06369145729927139,0.051333333333333335,outputs/plan-003/run-001/estimated+outputs/plan-003/run-004/core
-10.5,P2-SSB,75,1500,0.05,0.04007444099078907,0.06222454665737428,0.05,outputs/plan-003/run-001/estimated+outputs/plan-004/run-001/tail-balance
-10.0,P2-SSB,65,1500,0.043333333333333335,0.03414340356776987,0.05485630982332924,0.043333333333333335,outputs/plan-003/run-001/estimated+outputs/plan-003/run-004/core
-9.5,P2-SSB,58,1500,0.03866666666666667,0.03002977098751904,0.049660450423635094,0.03866666666666667,outputs/plan-003/run-001/estimated+outputs/plan-004/run-001/tail-balance
-9.0,P2-SSB,51,1500,0.034,0.02595376952420439,0.044426959907004765,0.034,outputs/plan-003/run-001/estimated+outputs/plan-004/run-001/tail-balance
-8.5,P2-SSB,49,1500,0.03266666666666666,0.02479710656901616,0.042923768010780135,0.03266666666666666,outputs/plan-003/run-001/estimated+outputs/plan-004/run-001/tail-balance
-8.0,P2-SSB,116,5000,0.0232,0.019378981328847723,0.02775309924595875,0.0232,outputs/plan-004/run-001/tail-balance+outputs/plan-004/run-001/low-bler-refine
-7.5,P2-SSB,105,5000,0.021,0.017377941132514303,0.02535751733085043,0.021,outputs/plan-004/run-001/tail-balance+outputs/plan-004/run-001/low-bler-refine
-7.0,P2-SSB,98,5000,0.0196,0.016110299881331586,0.023827308147479305,0.0196,outputs/plan-004/run-001/tail-balance+outputs/plan-004/run-001/low-bler-refine
-6.5,P2-SSB,82,5000,0.0164,0.013232664150440112,0.020309857170819144,0.0164,outputs/plan-004/run-001/tail-balance+outputs/plan-004/run-001/low-bler-refine
-6.0,P2-SSB,72,5500,0.01309090909090909,0.010408698377934329,0.016452805523809975,0.01309090909090909,outputs/plan-003/run-002/wide_2+outputs/plan-004/run-001/tail-balance+outputs/plan-004/run-001/low-bler-refine
-18.0,P6-SSB,142,1000,0.142,0.12173404205455421,0.16500591702110326,0.142,outputs/plan-003/run-004/threshold+outputs/plan-004/run-001/threshold-integer-fill
-17.5,P6-SSB,128,1000,0.128,0.10870752216300937,0.15013958615024364,0.128,outputs/plan-004/run-001/threshold-half-grid
-17.0,P6-SSB,120,1000,0.12,0.10129926060130913,0.14160907584771273,0.12,outputs/plan-003/run-004/threshold+outputs/plan-004/run-001/threshold-integer-fill
-16.5,P6-SSB,110,1000,0.11,0.0920793726718571,0.1309054989468759,0.11,outputs/plan-004/run-001/threshold-half-grid
-16.0,P6-SSB,99,1000,0.099,0.08199544136866538,0.11907361893674984,0.099,outputs/plan-003/run-004/threshold+outputs/plan-004/run-001/threshold-integer-fill
-15.5,P6-SSB,87,1000,0.087,0.07107442145237501,0.10608648105669351,0.087,outputs/plan-004/run-001/threshold-half-grid
-15.0,P6-SSB,79,1000,0.079,0.06384721576082919,0.09737491488400823,0.079,outputs/plan-003/run-004/threshold+outputs/plan-004/run-001/threshold-integer-fill
-14.0,P6-SSB,110,1500,0.07333333333333333,0.061202950709795784,0.08764349683809242,0.07333333333333333,outputs/plan-003/run-002/wide_2+outputs/plan-003/run-004/core
-13.0,P6-SSB,95,1500,0.06333333333333334,0.05208839990254764,0.07680913625974421,0.06333333333333334,outputs/plan-003/run-002/wide_2+outputs/plan-003/run-004/core
-12.0,P6-SSB,84,1500,0.056,0.04545839056668996,0.06880994391283121,0.056,outputs/plan-003/run-002/wide_2+outputs/plan-003/run-004/core
-11.0,P6-SSB,77,1500,0.051333333333333335,0.04126738520030481,0.06369145729927139,0.051333333333333335,outputs/plan-003/run-001/estimated+outputs/plan-003/run-004/core
-10.5,P6-SSB,74,1500,0.04933333333333333,0.039478762555287365,0.06149029766716955,0.04933333333333333,outputs/plan-003/run-001/estimated+outputs/plan-004/run-001/tail-balance
-10.0,P6-SSB,65,1500,0.043333333333333335,0.03414340356776987,0.05485630982332924,0.043333333333333335,outputs/plan-003/run-001/estimated+outputs/plan-003/run-004/core
-9.5,P6-SSB,60,1500,0.04,0.03120153051034394,0.05114854575222304,0.04,outputs/plan-003/run-001/estimated+outputs/plan-004/run-001/tail-balance
-9.0,P6-SSB,50,1500,0.03333333333333333,0.02537496605978659,0.04367583594571614,0.03333333333333333,outputs/plan-003/run-001/estimated+outputs/plan-004/run-001/tail-balance
-8.5,P6-SSB,46,1500,0.030666666666666665,0.023069473888211452,0.040661618414465556,0.030666666666666665,outputs/plan-003/run-001/estimated+outputs/plan-004/run-001/tail-balance
-8.0,P6-SSB,115,5000,0.023,0.019196646091299507,0.027535741564284996,0.023,outputs/plan-004/run-001/tail-balance+outputs/plan-004/run-001/low-bler-refine
-7.5,P6-SSB,106,5000,0.0212,0.017559414371953234,0.025575737010633474,0.0212,outputs/plan-004/run-001/tail-balance+outputs/plan-004/run-001/low-bler-refine
-7.0,P6-SSB,97,5000,0.0194,0.015929606684229693,0.02360830842535922,0.0194,outputs/plan-004/run-001/tail-balance+outputs/plan-004/run-001/low-bler-refine
-6.5,P6-SSB,80,5000,0.016,0.01287517502756183,0.01986796045525347,0.016,outputs/plan-004/run-001/tail-balance+outputs/plan-004/run-001/low-bler-refine
-6.0,P6-SSB,72,5500,0.01309090909090909,0.010408698377934329,0.016452805523809975,0.01309090909090909,outputs/plan-003/run-002/wide_2+outputs/plan-004/run-001/tail-balance+outputs/plan-004/run-001/low-bler-refine
-18.0,BC-SSB,142,1000,0.142,0.12173404205455421,0.16500591702110326,0.142,outputs/plan-003/run-004/threshold+outputs/plan-004/run-001/threshold-integer-fill
-17.5,BC-SSB,132,1000,0.132,0.1124216361480769,0.15439485809729173,0.132,outputs/plan-004/run-001/threshold-half-grid
-17.0,BC-SSB,115,1000,0.115,0.09668343178743777,0.1362631722464397,0.115,outputs/plan-003/run-004/threshold+outputs/plan-004/run-001/threshold-integer-fill
-16.5,BC-SSB,107,1000,0.107,0.08932287430802002,0.12768495786162629,0.107,outputs/plan-004/run-001/threshold-half-grid
-16.0,BC-SSB,94,1000,0.094,0.07743417357376373,0.11367315431650704,0.094,outputs/plan-003/run-004/threshold+outputs/plan-004/run-001/threshold-integer-fill
-15.5,BC-SSB,83,1000,0.083,0.0674550214428993,0.10173649513405367,0.083,outputs/plan-004/run-001/threshold-half-grid
-15.0,BC-SSB,78,1000,0.078,0.06294716759073617,0.09628261657107236,0.078,outputs/plan-003/run-004/threshold+outputs/plan-004/run-001/threshold-integer-fill
-14.0,BC-SSB,106,1500,0.07066666666666667,0.058764922834676686,0.08476181501038582,0.07066666666666667,outputs/plan-003/run-002/wide_2+outputs/plan-003/run-004/core
-13.0,BC-SSB,96,1500,0.064,0.0526935459511578,0.07753391763684048,0.064,outputs/plan-003/run-002/wide_2+outputs/plan-003/run-004/core
-12.0,BC-SSB,81,1500,0.054,0.04365935933562644,0.06661919286677545,0.054,outputs/plan-003/run-002/wide_2+outputs/plan-003/run-004/core
-11.0,BC-SSB,74,1500,0.04933333333333333,0.039478762555287365,0.06149029766716955,0.04933333333333333,outputs/plan-003/run-001/estimated+outputs/plan-003/run-004/core
-10.5,BC-SSB,70,1500,0.04666666666666667,0.03710158016621855,0.05854777035341267,0.04666666666666667,outputs/plan-003/run-001/estimated+outputs/plan-004/run-001/tail-balance
-10.0,BC-SSB,64,1500,0.042666666666666665,0.03355366749284015,0.054116118472552516,0.042666666666666665,outputs/plan-003/run-001/estimated+outputs/plan-003/run-004/core
-9.5,BC-SSB,56,1500,0.037333333333333336,0.028861071509391156,0.04816929505035013,0.037333333333333336,outputs/plan-003/run-001/estimated+outputs/plan-004/run-001/tail-balance
-9.0,BC-SSB,49,1500,0.03266666666666666,0.02479710656901616,0.042923768010780135,0.03266666666666666,outputs/plan-003/run-001/estimated+outputs/plan-004/run-001/tail-balance
-8.5,BC-SSB,40,1500,0.02666666666666667,0.019643899897707002,0.036107627850731475,0.02666666666666667,outputs/plan-003/run-001/estimated+outputs/plan-004/run-001/tail-balance
-8.0,BC-SSB,109,5000,0.0218,0.018104377913406702,0.026229852226845936,0.0218,outputs/plan-004/run-001/tail-balance+outputs/plan-004/run-001/low-bler-refine
-7.5,BC-SSB,98,5000,0.0196,0.016110299881331586,0.023827308147479305,0.0196,outputs/plan-004/run-001/tail-balance+outputs/plan-004/run-001/low-bler-refine
-7.0,BC-SSB,90,5000,0.018,0.014667759588024541,0.02207230508701053,0.018,outputs/plan-004/run-001/tail-balance+outputs/plan-004/run-001/low-bler-refine
-6.5,BC-SSB,78,5000,0.0156,0.012518237134049051,0.01942551251032229,0.0156,outputs/plan-004/run-001/tail-balance+outputs/plan-004/run-001/low-bler-refine
-6.0,BC-SSB,72,5500,0.01309090909090909,0.010408698377934329,0.016452805523809975,0.01309090909090909,outputs/plan-003/run-002/wide_2+outputs/plan-004/run-001/tail-balance+outputs/plan-004/run-001/low-bler-refine
-18.0,CDD-SSB,117,1000,0.117,0.09852838761922869,0.13840290938070654,0.117,outputs/plan-003/run-004/threshold+outputs/plan-004/run-001/threshold-integer-fill
-17.5,CDD-SSB,103,1000,0.103,0.08565481000508716,0.1233836362324436,0.103,outputs/plan-004/run-001/threshold-half-grid
-17.0,CDD-SSB,89,1000,0.089,0.07288824391300744,0.10825735156211885,0.089,outputs/plan-003/run-004/threshold+outputs/plan-004/run-001/threshold-integer-fill
-16.5,CDD-SSB,83,1000,0.083,0.0674550214428993,0.10173649513405367,0.083,outputs/plan-004/run-001/threshold-half-grid
-16.0,CDD-SSB,79,1000,0.079,0.06384721576082919,0.09737491488400823,0.079,outputs/plan-003/run-004/threshold+outputs/plan-004/run-001/threshold-integer-fill
-15.5,CDD-SSB,75,1000,0.075,0.06025180497346737,0.09300093973925448,0.075,outputs/plan-004/run-001/threshold-half-grid
-15.0,CDD-SSB,70,1000,0.07,0.055776364146294055,0.08751464815128335,0.07,outputs/plan-003/run-004/threshold+outputs/plan-004/run-001/threshold-integer-fill
-14.0,CDD-SSB,99,1500,0.066,0.05451122748264681,0.07970601838247074,0.066,outputs/plan-003/run-002/wide_2+outputs/plan-003/run-004/core
-13.0,CDD-SSB,82,1500,0.05466666666666667,0.0442585691503609,0.06734991047774742,0.05466666666666667,outputs/plan-003/run-002/wide_2+outputs/plan-003/run-004/core
-12.0,CDD-SSB,60,1500,0.04,0.03120153051034394,0.05114854575222304,0.04133333333333333,outputs/plan-003/run-002/wide_2+outputs/plan-003/run-004/core
-11.0,CDD-SSB,64,1500,0.042666666666666665,0.03355366749284015,0.054116118472552516,0.04133333333333333,outputs/plan-003/run-001/estimated+outputs/plan-003/run-004/core
-10.5,CDD-SSB,52,1500,0.034666666666666665,0.026533490787242285,0.04517716606967329,0.034666666666666665,outputs/plan-003/run-001/estimated+outputs/plan-004/run-001/tail-balance
-10.0,CDD-SSB,46,1500,0.030666666666666665,0.023069473888211452,0.040661618414465556,0.030666666666666665,outputs/plan-003/run-001/estimated+outputs/plan-003/run-004/core
-9.5,CDD-SSB,44,1500,0.029333333333333333,0.02192298194967161,0.039148255501592566,0.029333333333333333,outputs/plan-003/run-001/estimated+outputs/plan-004/run-001/tail-balance
-9.0,CDD-SSB,38,1500,0.025333333333333333,0.01851196864747831,0.03457970424954731,0.025333333333333333,outputs/plan-003/run-001/estimated+outputs/plan-004/run-001/tail-balance
-8.5,CDD-SSB,34,1500,0.02266666666666667,0.016265302571047073,0.031506660623152855,0.02266666666666667,outputs/plan-003/run-001/estimated+outputs/plan-004/run-001/tail-balance
-8.0,CDD-SSB,82,5000,0.0164,0.013232664150440112,0.020309857170819144,0.0164,outputs/plan-004/run-001/tail-balance+outputs/plan-004/run-001/low-bler-refine
-7.5,CDD-SSB,72,5000,0.0144,0.011450945038477642,0.01809464709056184,0.0144,outputs/plan-004/run-001/tail-balance+outputs/plan-004/run-001/low-bler-refine
-7.0,CDD-SSB,63,5000,0.0126,0.009861112996359368,0.01608724285968232,0.0126,outputs/plan-004/run-001/tail-balance+outputs/plan-004/run-001/low-bler-refine
-6.5,CDD-SSB,52,5000,0.0104,0.007939964636342375,0.013611769108257562,0.0104,outputs/plan-004/run-001/tail-balance+outputs/plan-004/run-001/low-bler-refine
-6.0,CDD-SSB,41,5500,0.007454545454545454,0.005499981985742948,0.010096662551159707,0.007454545454545454,outputs/plan-003/run-002/wide_2+outputs/plan-004/run-001/tail-balance+outputs/plan-004/run-001/low-bler-refine
