snr_db,curve_id,curve_type,scheme,covariance,block_errors,blocks,bler,wilson_low,wilson_high,stop_reason,source_plan,source_run
-12.0,B-SSB,estimated_csi,baseline,ssb_pdp,500,500,1.0,0.9923756595384479,1.0,fixed_common_drops,plan-002,run-001
-12.0,BC-BEAM,estimated_csi,beam_cycling,per_beam_pdp,492,500,0.984,0.9687488914666058,0.9918707469666117,fixed_common_drops,plan-002,run-001
-12.0,BC-SSB,estimated_csi,beam_cycling,ssb_pdp,494,500,0.988,0.9740696388835527,0.9944890048259724,fixed_common_drops,plan-002,run-001
-12.0,CDD-BEAM,estimated_csi,beam_cdd,cdd_per_beam_pdp,469,500,0.938,0.9133402868983618,0.9559807908573184,fixed_common_drops,plan-002,run-001
-12.0,CDD-IDEAL,estimated_csi,beam_cdd,ideal_covariance,470,500,0.94,0.9156389368747802,0.9576516435190539,fixed_common_drops,plan-002,run-001
-12.0,CDD-SSB,estimated_csi,beam_cdd,cdd_ssb_pdp,475,500,0.95,0.9272318388284524,0.9659062547561506,fixed_common_drops,plan-002,run-001
-12.0,P-SSB,estimated_csi,pol_cycling,ssb_pdp,493,500,0.986,0.9713869308622147,0.9932022102091564,fixed_common_drops,plan-002,run-001
-12.0,PERF-baseline,perfect_csi,baseline,perfect_csi,500,500,1.0,0.9923756595384479,1.0,fixed_common_drops,plan-002,run-001
-12.0,PERF-beam_cdd,perfect_csi,beam_cdd,perfect_csi,449,500,0.898,0.868365377095774,0.9215656478968306,fixed_common_drops,plan-002,run-001
-12.0,PERF-beam_cycling,perfect_csi,beam_cycling,perfect_csi,450,500,0.9,0.8705780903680599,0.9233224372626984,fixed_common_drops,plan-002,run-001
-12.0,PERF-pol_cycling,perfect_csi,pol_cycling,perfect_csi,468,500,0.936,0.911047591162316,0.9543039839552107,fixed_common_drops,plan-002,run-001
-11.5,B-SSB,estimated_csi,baseline,ssb_pdp,500,500,1.0,0.9923756595384479,1.0,fixed_common_drops,plan-002,run-002
-11.5,BC-BEAM,estimated_csi,beam_cycling,per_beam_pdp,486,500,0.972,0.9535535973250512,0.9832490252792435,fixed_common_drops,plan-002,run-002
-11.5,BC-SSB,estimated_csi,beam_cycling,ssb_pdp,490,500,0.98,0.9635798167531208,0.9891008164037892,fixed_common_drops,plan-002,run-002
-11.5,CDD-BEAM,estimated_csi,beam_cdd,cdd_per_beam_pdp,431,500,0.862,0.8289979864047199,0.8894819911011163,fixed_common_drops,plan-002,run-002
-11.5,CDD-IDEAL,estimated_csi,beam_cdd,ideal_covariance,425,500,0.85,0.8160389193683016,0.8786240423086119,fixed_common_drops,plan-002,run-002
-11.5,CDD-SSB,estimated_csi,beam_cdd,cdd_ssb_pdp,434,500,0.868,0.8355052092686175,0.8948832761516801,fixed_common_drops,plan-002,run-002
-11.5,P-SSB,estimated_csi,pol_cycling,ssb_pdp,489,500,0.978,0.9610391387886836,0.9876719917300725,fixed_common_drops,plan-002,run-002
-11.5,PERF-baseline,perfect_csi,baseline,perfect_csi,497,500,0.994,0.9825097478959467,0.9979574037280398,fixed_common_drops,plan-002,run-002
-11.5,PERF-beam_cdd,perfect_csi,beam_cdd,perfect_csi,396,500,0.792,0.7542636968800828,0.8252836882903708,fixed_common_drops,plan-002,run-002
-11.5,PERF-beam_cycling,perfect_csi,beam_cycling,perfect_csi,385,500,0.77,0.7311377813252322,0.8047450748255296,fixed_common_drops,plan-002,run-002
-11.5,PERF-pol_cycling,perfect_csi,pol_cycling,perfect_csi,421,500,0.842,0.8074376489887337,0.8713473021355645,fixed_common_drops,plan-002,run-002
-11.0,B-SSB,estimated_csi,baseline,ssb_pdp,500,500,1.0,0.9923756595384479,1.0,fixed_common_drops,plan-002,run-002
-11.0,BC-BEAM,estimated_csi,beam_cycling,per_beam_pdp,470,500,0.94,0.9156389368747802,0.9576516435190539,fixed_common_drops,plan-002,run-002
-11.0,BC-SSB,estimated_csi,beam_cycling,ssb_pdp,477,500,0.954,0.9319222072317267,0.9691548916291838,fixed_common_drops,plan-002,run-002
-11.0,CDD-BEAM,estimated_csi,beam_cdd,cdd_per_beam_pdp,341,500,0.682,0.6399250012484168,0.7212997388235782,fixed_common_drops,plan-002,run-002
-11.0,CDD-IDEAL,estimated_csi,beam_cdd,ideal_covariance,329,500,0.658,0.6153562150800094,0.6982344933341402,fixed_common_drops,plan-002,run-002
-11.0,CDD-SSB,estimated_csi,beam_cdd,cdd_ssb_pdp,344,500,0.688,0.6460861967117413,0.7270470512747149,fixed_common_drops,plan-002,run-002
-11.0,P-SSB,estimated_csi,pol_cycling,ssb_pdp,483,500,0.966,0.9462286344983655,0.9786654801914678,fixed_common_drops,plan-002,run-002
-11.0,PERF-baseline,perfect_csi,baseline,perfect_csi,327,500,0.654,0.6112729349259212,0.6943787682119209,fixed_common_drops,plan-002,run-002
-11.0,PERF-beam_cdd,perfect_csi,beam_cdd,perfect_csi,276,500,0.552,0.508179738010616,0.5950273305813826,fixed_common_drops,plan-002,run-002
-11.0,PERF-beam_cycling,perfect_csi,beam_cycling,perfect_csi,256,500,0.512,0.46826225284987066,0.5555547629790522,fixed_common_drops,plan-002,run-002
-11.0,PERF-pol_cycling,perfect_csi,pol_cycling,perfect_csi,302,500,0.604,0.5604958406867544,0.6459182964972427,fixed_common_drops,plan-002,run-002
-10.5,B-SSB,estimated_csi,baseline,ssb_pdp,500,500,1.0,0.9923756595384479,1.0,fixed_common_drops,plan-002,run-002
-10.5,BC-BEAM,estimated_csi,beam_cycling,per_beam_pdp,426,500,0.852,0.8181938697042727,0.8804385946107945,fixed_common_drops,plan-002,run-002
-10.5,BC-SSB,estimated_csi,beam_cycling,ssb_pdp,454,500,0.908,0.8794612618638256,0.930317276319548,fixed_common_drops,plan-002,run-002
-10.5,CDD-BEAM,estimated_csi,beam_cdd,cdd_per_beam_pdp,217,500,0.434,0.3912235726331776,0.47778284030774737,fixed_common_drops,plan-002,run-002
-10.5,CDD-IDEAL,estimated_csi,beam_cdd,ideal_covariance,216,500,0.432,0.3892622537365845,0.47577465656618667,fixed_common_drops,plan-002,run-002
-10.5,CDD-SSB,estimated_csi,beam_cdd,cdd_ssb_pdp,219,500,0.438,0.39514834408666566,0.48179707413056694,fixed_common_drops,plan-002,run-002
-10.5,P-SSB,estimated_csi,pol_cycling,ssb_pdp,469,500,0.938,0.9133402868983618,0.9559807908573184,fixed_common_drops,plan-002,run-002
-10.5,PERF-baseline,perfect_csi,baseline,perfect_csi,24,500,0.048,0.03246520694135317,0.07042719683589006,fixed_common_drops,plan-002,run-002
-10.5,PERF-beam_cdd,perfect_csi,beam_cdd,perfect_csi,126,500,0.252,0.2159338483813719,0.2918478244875581,fixed_common_drops,plan-002,run-002
-10.5,PERF-beam_cycling,perfect_csi,beam_cycling,perfect_csi,123,500,0.246,0.21028099168567072,0.2855921732687978,fixed_common_drops,plan-002,run-002
-10.5,PERF-pol_cycling,perfect_csi,pol_cycling,perfect_csi,149,500,0.298,0.25957321187843246,0.33950702166803465,fixed_common_drops,plan-002,run-002
-10.0,B-SSB,estimated_csi,baseline,ssb_pdp,493,500,0.986,0.9713869308622147,0.9932022102091564,fixed_common_drops,plan-002,run-001
-10.0,BC-BEAM,estimated_csi,beam_cycling,per_beam_pdp,322,500,0.644,0.601078749973113,0.68472543997396,fixed_common_drops,plan-002,run-001
-10.0,BC-SSB,estimated_csi,beam_cycling,ssb_pdp,387,500,0.774,0.7353316422926235,0.8084902191344461,fixed_common_drops,plan-002,run-001
-10.0,CDD-BEAM,estimated_csi,beam_cdd,cdd_per_beam_pdp,126,500,0.252,0.2159338483813719,0.2918478244875581,fixed_common_drops,plan-002,run-001
-10.0,CDD-IDEAL,estimated_csi,beam_cdd,ideal_covariance,120,500,0.24,0.204637860033381,0.2793267970066262,fixed_common_drops,plan-002,run-001
-10.0,CDD-SSB,estimated_csi,beam_cdd,cdd_ssb_pdp,133,500,0.266,0.2291604018204711,0.30640778951553543,fixed_common_drops,plan-002,run-001
-10.0,P-SSB,estimated_csi,pol_cycling,ssb_pdp,421,500,0.842,0.8074376489887337,0.8713473021355645,fixed_common_drops,plan-002,run-001
-10.0,PERF-baseline,perfect_csi,baseline,perfect_csi,1,500,0.002,0.00035313639455927543,0.011240706705146753,fixed_common_drops,plan-002,run-001
-10.0,PERF-beam_cdd,perfect_csi,beam_cdd,perfect_csi,59,500,0.118,0.09259300825150649,0.14923198786111944,fixed_common_drops,plan-002,run-001
-10.0,PERF-beam_cycling,perfect_csi,beam_cycling,perfect_csi,41,500,0.082,0.06101908946846895,0.10935485915738874,fixed_common_drops,plan-002,run-001
-10.0,PERF-pol_cycling,perfect_csi,pol_cycling,perfect_csi,65,500,0.13,0.10332065036463456,0.16232136157691412,fixed_common_drops,plan-002,run-001
-9.5,B-SSB,estimated_csi,baseline,ssb_pdp,289,500,0.578,0.534276977868969,0.6205336250190289,fixed_common_drops,plan-002,run-002
-9.5,BC-BEAM,estimated_csi,beam_cycling,per_beam_pdp,207,500,0.414,0.37164260890980144,0.45766877764958563,fixed_common_drops,plan-002,run-002
-9.5,BC-SSB,estimated_csi,beam_cycling,ssb_pdp,272,500,0.544,0.5001738756211381,0.5871551824182454,fixed_common_drops,plan-002,run-002
-9.5,CDD-BEAM,estimated_csi,beam_cdd,cdd_per_beam_pdp,54,500,0.108,0.08372280963705038,0.13825467328480662,fixed_common_drops,plan-002,run-002
-9.5,CDD-IDEAL,estimated_csi,beam_cdd,ideal_covariance,49,500,0.098,0.07492391886460623,0.12720605086648182,fixed_common_drops,plan-002,run-002
-9.5,CDD-SSB,estimated_csi,beam_cdd,cdd_ssb_pdp,59,500,0.118,0.09259300825150649,0.14923198786111944,fixed_common_drops,plan-002,run-002
-9.5,P-SSB,estimated_csi,pol_cycling,ssb_pdp,294,500,0.588,0.5443465920099858,0.630311524068781,fixed_common_drops,plan-002,run-002
-9.5,PERF-baseline,perfect_csi,baseline,perfect_csi,0,500,0.0,4.336808689942018e-19,0.007624340461552238,fixed_common_drops,plan-002,run-002
-9.5,PERF-beam_cdd,perfect_csi,beam_cdd,perfect_csi,23,500,0.046,0.030845108370816207,0.06807779276827323,fixed_common_drops,plan-002,run-002
-9.5,PERF-beam_cycling,perfect_csi,beam_cycling,perfect_csi,11,500,0.022,0.012328008269927582,0.03896086121131636,fixed_common_drops,plan-002,run-002
-9.5,PERF-pol_cycling,perfect_csi,pol_cycling,perfect_csi,22,500,0.044,0.029233955628607186,0.06571944287232845,fixed_common_drops,plan-002,run-002
-8.5,B-SSB,estimated_csi,baseline,ssb_pdp,19,500,0.038,0.024460118055830392,0.058584772530643876,fixed_common_drops,plan-002,run-002
-8.5,BC-BEAM,estimated_csi,beam_cycling,per_beam_pdp,54,500,0.108,0.08372280963705038,0.13825467328480662,fixed_common_drops,plan-002,run-002
-8.5,BC-SSB,estimated_csi,beam_cycling,ssb_pdp,70,500,0.14,0.11232266018786358,0.17316686494445405,fixed_common_drops,plan-002,run-002
-8.5,CDD-BEAM,estimated_csi,beam_cdd,cdd_per_beam_pdp,6,500,0.012,0.005510995174027701,0.02593036111644729,fixed_common_drops,plan-002,run-002
-8.5,CDD-IDEAL,estimated_csi,beam_cdd,ideal_covariance,6,500,0.012,0.005510995174027701,0.02593036111644729,fixed_common_drops,plan-002,run-002
-8.5,CDD-SSB,estimated_csi,beam_cdd,cdd_ssb_pdp,7,500,0.014,0.006797789790843493,0.028613069137785288,fixed_common_drops,plan-002,run-002
-8.5,P-SSB,estimated_csi,pol_cycling,ssb_pdp,86,500,0.172,0.1414541198436514,0.20754744749912687,fixed_common_drops,plan-002,run-002
-8.5,PERF-baseline,perfect_csi,baseline,perfect_csi,0,500,0.0,4.336808689942018e-19,0.007624340461552238,fixed_common_drops,plan-002,run-002
-8.5,PERF-beam_cdd,perfect_csi,beam_cdd,perfect_csi,2,500,0.004,0.0010976305226827908,0.01446571521517703,fixed_common_drops,plan-002,run-002
-8.5,PERF-beam_cycling,perfect_csi,beam_cycling,perfect_csi,1,500,0.002,0.00035313639455927543,0.011240706705146753,fixed_common_drops,plan-002,run-002
-8.5,PERF-pol_cycling,perfect_csi,pol_cycling,perfect_csi,0,500,0.0,4.336808689942018e-19,0.007624340461552238,fixed_common_drops,plan-002,run-002
-8.0,B-SSB,estimated_csi,baseline,ssb_pdp,64,5230,0.012237093690248566,0.00959511813050631,0.015595071495604573,running,plan-001,run-001
-8.0,BC-BEAM,estimated_csi,beam_cycling,per_beam_pdp,263,5230,0.050286806883365204,0.044687150382410314,0.0565466112799232,running,plan-001,run-001
-8.0,BC-SSB,estimated_csi,beam_cycling,ssb_pdp,329,5230,0.06290630975143403,0.056641566970060134,0.06981267587011607,running,plan-001,run-001
-8.0,CDD-BEAM,estimated_csi,beam_cdd,cdd_per_beam_pdp,26,5230,0.00497131931166348,0.003394898390880769,0.007274408132835846,running,plan-001,run-001
-8.0,CDD-IDEAL,estimated_csi,beam_cdd,ideal_covariance,24,5230,0.004588910133843212,0.0030857464678866217,0.006819303050440822,running,plan-001,run-001
-8.0,CDD-SSB,estimated_csi,beam_cdd,cdd_ssb_pdp,27,5230,0.0051625239005736135,0.00355050552348,0.007500929502931202,running,plan-001,run-001
-8.0,P-SSB,estimated_csi,pol_cycling,ssb_pdp,390,5230,0.0745697896749522,0.06775829014947733,0.08200579135506862,running,plan-001,run-001
-8.0,PERF-baseline,perfect_csi,baseline,perfect_csi,0,5230,0.0,0.0,0.0007339654536573779,running,plan-001,run-001
-8.0,PERF-beam_cdd,perfect_csi,beam_cdd,perfect_csi,13,5230,0.00248565965583174,0.001453250779258983,0.0042483852094280135,running,plan-001,run-001
-8.0,PERF-beam_cycling,perfect_csi,beam_cycling,perfect_csi,1,5230,0.00019120458891013384,3.375310236103108e-05,0.0010823408539909329,running,plan-001,run-001
-8.0,PERF-pol_cycling,perfect_csi,pol_cycling,perfect_csi,0,5230,0.0,0.0,0.0007339654536573779,running,plan-001,run-001
-6.0,B-SSB,estimated_csi,baseline,ssb_pdp,0,381,0.0,0.0,0.009981925628454551,all_estimated_curves_resolved,plan-001,run-001
-6.0,BC-BEAM,estimated_csi,beam_cycling,per_beam_pdp,0,381,0.0,0.0,0.009981925628454551,all_estimated_curves_resolved,plan-001,run-001
-6.0,BC-SSB,estimated_csi,beam_cycling,ssb_pdp,0,381,0.0,0.0,0.009981925628454551,all_estimated_curves_resolved,plan-001,run-001
-6.0,CDD-BEAM,estimated_csi,beam_cdd,cdd_per_beam_pdp,0,381,0.0,0.0,0.009981925628454551,all_estimated_curves_resolved,plan-001,run-001
-6.0,CDD-IDEAL,estimated_csi,beam_cdd,ideal_covariance,0,381,0.0,0.0,0.009981925628454551,all_estimated_curves_resolved,plan-001,run-001
-6.0,CDD-SSB,estimated_csi,beam_cdd,cdd_ssb_pdp,0,381,0.0,0.0,0.009981925628454551,all_estimated_curves_resolved,plan-001,run-001
-6.0,P-SSB,estimated_csi,pol_cycling,ssb_pdp,0,381,0.0,0.0,0.009981925628454551,all_estimated_curves_resolved,plan-001,run-001
-6.0,PERF-baseline,perfect_csi,baseline,perfect_csi,0,381,0.0,0.0,0.009981925628454551,all_estimated_curves_resolved,plan-001,run-001
-6.0,PERF-beam_cdd,perfect_csi,beam_cdd,perfect_csi,0,381,0.0,0.0,0.009981925628454551,all_estimated_curves_resolved,plan-001,run-001
-6.0,PERF-beam_cycling,perfect_csi,beam_cycling,perfect_csi,0,381,0.0,0.0,0.009981925628454551,all_estimated_curves_resolved,plan-001,run-001
-6.0,PERF-pol_cycling,perfect_csi,pol_cycling,perfect_csi,0,381,0.0,0.0,0.009981925628454551,all_estimated_curves_resolved,plan-001,run-001
-4.0,B-SSB,estimated_csi,baseline,ssb_pdp,0,381,0.0,0.0,0.009981925628454551,all_estimated_curves_resolved,plan-001,run-001
-4.0,BC-BEAM,estimated_csi,beam_cycling,per_beam_pdp,0,381,0.0,0.0,0.009981925628454551,all_estimated_curves_resolved,plan-001,run-001
-4.0,BC-SSB,estimated_csi,beam_cycling,ssb_pdp,0,381,0.0,0.0,0.009981925628454551,all_estimated_curves_resolved,plan-001,run-001
-4.0,CDD-BEAM,estimated_csi,beam_cdd,cdd_per_beam_pdp,0,381,0.0,0.0,0.009981925628454551,all_estimated_curves_resolved,plan-001,run-001
-4.0,CDD-IDEAL,estimated_csi,beam_cdd,ideal_covariance,0,381,0.0,0.0,0.009981925628454551,all_estimated_curves_resolved,plan-001,run-001
-4.0,CDD-SSB,estimated_csi,beam_cdd,cdd_ssb_pdp,0,381,0.0,0.0,0.009981925628454551,all_estimated_curves_resolved,plan-001,run-001
-4.0,P-SSB,estimated_csi,pol_cycling,ssb_pdp,0,381,0.0,0.0,0.009981925628454551,all_estimated_curves_resolved,plan-001,run-001
-4.0,PERF-baseline,perfect_csi,baseline,perfect_csi,0,381,0.0,0.0,0.009981925628454551,all_estimated_curves_resolved,plan-001,run-001
-4.0,PERF-beam_cdd,perfect_csi,beam_cdd,perfect_csi,0,381,0.0,0.0,0.009981925628454551,all_estimated_curves_resolved,plan-001,run-001
-4.0,PERF-beam_cycling,perfect_csi,beam_cycling,perfect_csi,0,381,0.0,0.0,0.009981925628454551,all_estimated_curves_resolved,plan-001,run-001
-4.0,PERF-pol_cycling,perfect_csi,pol_cycling,perfect_csi,0,381,0.0,0.0,0.009981925628454551,all_estimated_curves_resolved,plan-001,run-001
-2.0,B-SSB,estimated_csi,baseline,ssb_pdp,0,381,0.0,0.0,0.009981925628454551,all_estimated_curves_resolved,plan-001,run-001
-2.0,BC-BEAM,estimated_csi,beam_cycling,per_beam_pdp,0,381,0.0,0.0,0.009981925628454551,all_estimated_curves_resolved,plan-001,run-001
-2.0,BC-SSB,estimated_csi,beam_cycling,ssb_pdp,0,381,0.0,0.0,0.009981925628454551,all_estimated_curves_resolved,plan-001,run-001
-2.0,CDD-BEAM,estimated_csi,beam_cdd,cdd_per_beam_pdp,0,381,0.0,0.0,0.009981925628454551,all_estimated_curves_resolved,plan-001,run-001
-2.0,CDD-IDEAL,estimated_csi,beam_cdd,ideal_covariance,0,381,0.0,0.0,0.009981925628454551,all_estimated_curves_resolved,plan-001,run-001
-2.0,CDD-SSB,estimated_csi,beam_cdd,cdd_ssb_pdp,0,381,0.0,0.0,0.009981925628454551,all_estimated_curves_resolved,plan-001,run-001
-2.0,P-SSB,estimated_csi,pol_cycling,ssb_pdp,0,381,0.0,0.0,0.009981925628454551,all_estimated_curves_resolved,plan-001,run-001
-2.0,PERF-baseline,perfect_csi,baseline,perfect_csi,0,381,0.0,0.0,0.009981925628454551,all_estimated_curves_resolved,plan-001,run-001
-2.0,PERF-beam_cdd,perfect_csi,beam_cdd,perfect_csi,0,381,0.0,0.0,0.009981925628454551,all_estimated_curves_resolved,plan-001,run-001
-2.0,PERF-beam_cycling,perfect_csi,beam_cycling,perfect_csi,0,381,0.0,0.0,0.009981925628454551,all_estimated_curves_resolved,plan-001,run-001
-2.0,PERF-pol_cycling,perfect_csi,pol_cycling,perfect_csi,0,381,0.0,0.0,0.009981925628454551,all_estimated_curves_resolved,plan-001,run-001
0.0,B-SSB,estimated_csi,baseline,ssb_pdp,0,381,0.0,0.0,0.009981925628454551,all_estimated_curves_resolved,plan-001,run-001
0.0,BC-BEAM,estimated_csi,beam_cycling,per_beam_pdp,0,381,0.0,0.0,0.009981925628454551,all_estimated_curves_resolved,plan-001,run-001
0.0,BC-SSB,estimated_csi,beam_cycling,ssb_pdp,0,381,0.0,0.0,0.009981925628454551,all_estimated_curves_resolved,plan-001,run-001
0.0,CDD-BEAM,estimated_csi,beam_cdd,cdd_per_beam_pdp,0,381,0.0,0.0,0.009981925628454551,all_estimated_curves_resolved,plan-001,run-001
0.0,CDD-IDEAL,estimated_csi,beam_cdd,ideal_covariance,0,381,0.0,0.0,0.009981925628454551,all_estimated_curves_resolved,plan-001,run-001
0.0,CDD-SSB,estimated_csi,beam_cdd,cdd_ssb_pdp,0,381,0.0,0.0,0.009981925628454551,all_estimated_curves_resolved,plan-001,run-001
0.0,P-SSB,estimated_csi,pol_cycling,ssb_pdp,0,381,0.0,0.0,0.009981925628454551,all_estimated_curves_resolved,plan-001,run-001
0.0,PERF-baseline,perfect_csi,baseline,perfect_csi,0,381,0.0,0.0,0.009981925628454551,all_estimated_curves_resolved,plan-001,run-001
0.0,PERF-beam_cdd,perfect_csi,beam_cdd,perfect_csi,0,381,0.0,0.0,0.009981925628454551,all_estimated_curves_resolved,plan-001,run-001
0.0,PERF-beam_cycling,perfect_csi,beam_cycling,perfect_csi,0,381,0.0,0.0,0.009981925628454551,all_estimated_curves_resolved,plan-001,run-001
0.0,PERF-pol_cycling,perfect_csi,pol_cycling,perfect_csi,0,381,0.0,0.0,0.009981925628454551,all_estimated_curves_resolved,plan-001,run-001
